A152A ,0,0,0.0,0.0,0.075,0.05,0.115526,0.163074,-0.0346894,0.0268727,33.3466,0.627113,0.0,14.273
Q359Q ,0,0,0.0,0.0,-0.201,0.18,0.189222,0.210813,-0.0346894,-0.0987694,16.9459,0.0,0.0,6.0884
K183K ,0,0,0.0,0.0,-0.131,0.22,0.255689,0.182351,-0.0828447,-0.100988,37.5253,0.041466,0.0,16.5936
W379W ,0,0,0.0,0.0,0.299,0.41,0.1085,0.149123,-0.0346894,0.0231553,38.2575,0.0,0.0,14.313
T322T ,0,0,0.0,0.0,0.009,0.11,0.189642,0.166866,-0.0346894,-0.020061,19.2024,0.270946,0.0,8.9676
V205M ,0,0,1.43,6.81,-0.14,0.22,0.166711,0.162083,-0.100345,-0.0100515,35.9072,1.0,0.9585,14.8235
Q107H ,1,1,0.71,8.26,-0.11,0.23,0.131239,0.192591,-0.0368447,0.00348925,45.2308,0.174256,0.9778,19.1178
K557K ,0,0,0.0,0.0,-0.22,0.22,0.181596,0.203837,-0.0346894,0.0453924,11.2856,0.0,0.0,11.6108
P117P ,0,0,0.0,0.0,-0.103,0.0,0.107833,0.191085,-0.0688447,0.103052,31.6434,0.708355,0.0,12.9188
L131L ,0,0,0.0,0.0,-0.187,0.19,0.189701,0.176519,-0.110845,-0.159301,31.0655,1.0,0.0,13.0279
F232F ,0,0,0.0,0.0,-0.169,0.29,0.140666,0.187823,-0.0346894,-0.127829,29.5197,1.0,0.0,12.2831
S209P ,-1,-1,1.12,8.45,0.358,0.0,0.149352,0.156019,0.0076553,0.0368545,40.0971,1.0,0.9947,16.2218
I132L ,0,0,0.0,0.63,-0.187,0.19,0.1398,0.187326,-0.121345,-0.158046,34.7236,1.0,0.0893,14.3247
K318K ,0,0,0.0,0.0,-0.131,0.22,0.1745,0.126845,-0.0828447,-0.0441149,10.9197,0.371206,0.0,5.3539
A329A ,0,0,0.0,0.0,-0.13,0.05,0.119648,0.161342,-0.0823447,-0.0424504,14.4748,1.0,0.0,7.0812
T327T ,0,0,0.0,0.0,0.003,0.11,0.116167,0.163452,-0.0346894,0.0137184,20.3013,1.0,0.0,9.2437
T144T ,0,0,0.0,0.0,0.009,0.11,0.165347,0.149979,-0.0128447,-0.00884649,25.7243,0.438738,0.0,10.9453
R562R ,0,0,0.0,0.0,-0.147,0.29,0.171262,0.194379,-0.0346894,-0.107403,10.1998,0.0,0.0,11.9828
K196K ,0,0,0.0,0.0,-0.131,0.22,0.12225,0.192603,-0.0828447,0.0735259,34.6533,0.947634,0.0,14.6557
K285K ,0,0,0.0,0.0,-0.131,0.22,0.12187,0.151854,-0.0346894,-0.0581492,23.5564,0.0875146,0.0,11.1278
I263I ,0,0,0.0,0.0,-0.208,0.19,0.147551,0.179708,-0.0346894,-0.063525,19.1621,1.0,0.0,8.8364
L236P ,0,0,-1.28,9.77,0.358,0.0,0.188498,0.176954,-0.13623,-0.167944,30.3022,1.0,0.9988,12.2627
S330S ,0,0,0.0,0.0,0.05,0.06,0.115684,0.151194,-0.0346894,-0.0791729,15.2354,1.0,0.0,7.3716
P117L ,0,0,1.28,12.45,0.094,0.19,0.107833,0.191085,-0.0688447,0.103052,31.6434,0.708355,0.9973,12.9188
V165M ,0,0,1.43,5.24,-0.14,0.22,0.146392,0.156984,-0.12223,-0.144669,45.623,1.0,0.1773,18.4186
L342L ,0,0,0.0,0.0,-0.187,0.19,0.114004,0.130414,-0.0346894,-0.0600405,8.20175,1.0,0.0,4.085
Y125Y ,0,0,0.0,0.0,-0.038,0.3,0.164041,0.199074,-0.0363447,-0.0804868,37.2927,1.0,0.0,15.2361
K393K ,0,0,0.0,0.0,-0.22,0.22,0.1135,0.146714,-0.0346894,-0.0288447,40.7975,0.0,0.0,19.6676
L236R ,0,3,2.13,9.01,0.444,0.29,0.188498,0.176954,-0.13623,-0.167944,30.3022,1.0,0.9971,12.2627
P387P ,0,0,0.0,0.0,-0.137,0.0,0.126845,0.152683,-0.0346894,-0.11263,46.0586,0.0,0.0,16.9517
S177S ,0,0,0.0,0.0,-0.023,0.06,0.163306,0.188352,-0.0346894,-0.019408,43.1441,0.559088,0.0,17.9322
Y171Y ,0,0,0.0,0.0,-0.038,0.3,0.180926,0.188475,-0.0363447,0.141089,41.314,1.0,0.0,17.1674
G297G ,0,0,0.0,0.0,-0.019,0.0,0.158844,0.133633,-0.0268447,-0.017036,19.8261,0.0503757,0.0,9.6954
I514I ,0,0,0.0,0.0,0.157,0.19,0.181167,0.173688,-0.0346894,-0.0447816,35.4742,0.0,0.0,17.3006
T104I ,-1,-1,1.4,5.56,0.157,0.19,0.1494,0.158463,-0.0195631,-0.0273379,47.324,0.0,0.4304,20.4992
W323L ,0,-1,-4.08,16.11,0.094,0.19,0.259815,0.15296,-0.169172,-0.0553291,23.65,0.628325,0.838,9.6003
S140R ,-1,2,4.53,8.06,-0.128,0.29,0.193387,0.161998,-0.0288447,0.0209467,29.102,0.98277,0.9993,12.079
V212V ,0,0,0.0,0.0,0.147,0.14,0.0995774,0.152405,-0.0346894,-0.00724053,40.4268,0.999951,0.0,16.4865
C214C ,0,0,0.0,0.0,0.369,0.13,0.142762,0.140452,-0.0346894,0.0118997,47.5167,0.999609,0.0,19.0316
V129A ,0,0,-2.0,7.17,-0.13,0.05,0.1667,0.199322,-0.133172,-0.128469,34.3392,1.0,0.9307,14.0342
F275F ,0,0,0.0,0.0,-0.169,0.29,0.141176,0.19696,-0.0346894,-0.130694,23.5718,1.0,0.0,10.6725
V207V ,0,0,0.0,0.0,-0.166,0.14,0.165752,0.155796,-0.100345,-0.155073,42.6363,1.0,0.0,17.119
Y299Y ,0,0,0.0,0.0,-0.012,0.3,0.119,0.165424,-0.0346894,0.0312216,22.0646,0.954361,0.0,10.5442
E284E ,0,0,0.0,0.0,0.071,0.15,0.103549,0.16259,0.0181553,0.0494063,18.357,0.298069,0.0,8.8032
R360R ,0,0,0.0,0.0,-0.147,0.29,0.176602,0.186346,-0.0346894,-0.122554,11.5273,0.0,0.0,4.7898
D202D ,0,0,0.0,0.0,0.574,0.11,0.171237,0.172452,0.269655,-0.0584942,36.1679,1.0,0.0,14.7517
A344V ,0,0,2.0,7.4,-0.166,0.14,0.0947,0.122918,-0.0823447,-0.0662689,5.33968,1.0,0.9873,2.9166
L114P ,0,0,-1.28,8.91,-0.103,0.0,0.220556,0.200807,0.0296553,0.24825,38.2938,0.972072,0.9989,15.519
C122Y ,1,1,4.04,12.27,-0.012,0.3,0.125852,0.17092,0.167155,-0.021363,34.8051,0.919144,0.9863,14.4528
T169R ,-1,2,3.53,5.17,0.444,0.29,0.148859,0.191583,-0.00956313,-0.0493116,45.3157,1.0,0.9409,18.4586
K196T ,1,0,-2.17,8.69,0.009,0.11,0.12225,0.192603,-0.0828447,0.0735259,34.6533,0.947634,0.9807,14.6557
F523F ,0,0,0.0,0.0,0.294,0.29,0.249602,0.181093,-0.0346894,-0.073008,29.4723,0.0,0.0,11.6513
R195Q ,1,-2,-2.18,7.6,-0.039,0.18,0.272429,0.176781,-0.104672,-0.11467,39.2348,0.895933,0.1974,16.7962
F113F ,0,0,0.0,0.0,-0.034,0.29,0.184408,0.185152,-0.0346894,0.139065,38.3878,0.86785,0.0,15.8252
L187P ,0,0,-1.28,4.22,-0.103,0.0,0.147125,0.149809,0.0296553,-0.0555862,50.4164,0.660994,0.2117,20.9551
L236L ,0,0,0.0,0.0,-0.187,0.19,0.188498,0.176954,-0.13623,-0.167944,30.3022,1.0,0.0,12.2627
L233L ,0,0,0.0,0.0,-0.187,0.19,0.143296,0.163989,-0.0346894,0.0277173,34.1711,1.0,0.0,13.2925
G189G ,0,0,0.0,0.0,-0.019,0.0,0.161322,0.185863,-0.0242298,-0.0474,43.9996,0.392966,0.0,18.5826
V334V ,0,0,0.0,0.0,-0.166,0.14,0.176832,0.15039,-0.100345,-0.0623157,13.3481,1.0,0.0,6.1821
A150T ,1,1,1.6,0.84,0.009,0.11,0.0901679,0.132192,0.0475777,0.0512733,34.9524,0.023062,0.0623,14.8309
R181H ,2,-1,-1.47,8.37,-0.11,0.23,0.218556,0.170801,-0.104672,-0.038521,37.1123,0.0188145,0.9211,16.2838
K362K ,0,0,0.0,0.0,-0.22,0.22,0.187691,0.202351,-0.127345,-0.159041,20.9755,0.0,0.0,8.1402
A128A ,0,0,0.0,0.0,-0.13,0.05,0.184236,0.189606,-0.0823447,-0.155106,34.9124,1.0,0.0,14.2354
G189E ,2,0,3.78,9.91,0.071,0.15,0.161322,0.185863,-0.0242298,-0.0474,43.9996,0.392966,0.9959,18.5826
E295E ,0,0,0.0,0.0,0.071,0.15,0.186714,0.12876,-0.0346894,-0.0446699,12.2914,0.033889,0.0,6.1489
I274I ,0,0,0.0,0.0,-0.208,0.19,0.172138,0.165738,-0.0346894,-0.123757,21.603,1.0,0.0,9.9621
N365A ,-1,-1,-1.95,8.88,0.081,0.05,0.187993,0.164648,-0.0743447,-0.0945367,20.5087,0.0,0.8672,9.0538
L273L ,0,0,0.0,0.0,-0.187,0.19,0.118587,0.165748,-0.110845,-0.125708,16.1878,1.0,0.0,7.9811
I542I ,0,0,0.0,0.0,0.157,0.19,0.156023,0.170389,-0.0346894,-0.0664924,7.74877,0.0,0.0,6.342
L175L ,0,0,0.0,0.0,0.094,0.19,0.237053,0.168946,-0.0346894,-0.093692,43.8513,0.988899,0.0,18.1954
Q234P ,-1,-1,-1.23,10.9,0.358,0.0,0.17194,0.173468,0.277078,0.109438,31.9014,1.0,0.9832,13.1547
P197L ,0,0,1.28,12.79,-0.187,0.19,0.117909,0.181602,0.259828,0.0230282,32.8843,1.0,0.9781,13.4291
E115E ,0,0,0.0,0.0,0.071,0.15,0.255435,0.191411,0.0181553,0.207194,34.3472,0.787187,0.0,14.4345
L151L ,0,0,0.0,0.0,0.094,0.19,0.102133,0.12509,-0.0346894,0.0447816,35.1529,0.334256,0.0,15.13
E146E ,0,0,0.0,0.0,-0.318,0.15,0.133857,0.107044,-0.223563,-0.0852413,26.5559,0.0,0.0,11.2381
F139F ,0,0,0.0,0.0,-0.034,0.29,0.137474,0.150455,-0.0346894,-0.0516703,32.2371,0.991877,0.0,13.4445
S217S ,0,0,0.0,0.0,-0.023,0.06,0.148361,0.15654,-0.0346894,-0.00912149,45.7181,0.589173,0.0,19.079
L213L ,0,0,0.0,0.0,-0.187,0.19,0.162088,0.149799,-0.0346894,0.177539,42.9328,1.0,0.0,17.7236
C331C ,0,0,0.0,0.0,0.04,0.13,0.134328,0.149789,0.0026553,-0.0896362,17.1734,1.0,0.0,8.4028
I346I ,0,0,0.0,0.0,0.125,0.19,0.0887582,0.132903,-0.0346894,-0.026637,8.14234,0.982635,0.0,3.8955
L134P ,0,0,-1.28,8.17,0.358,0.0,0.172782,0.174688,-0.110845,-0.159599,27.2759,1.0,0.9959,11.6515
Q531Q ,0,0,0.0,0.0,-0.201,0.18,0.160756,0.182037,-0.117845,-0.11757,16.9534,0.0,0.0,9.1053
N365N ,0,0,0.0,0.0,-0.114,0.13,0.187993,0.164648,-0.0743447,-0.0945367,20.5087,0.0,0.0,9.0538
S333S ,0,0,0.0,0.0,0.05,0.06,0.132445,0.145019,-0.0346894,-0.0891654,11.2156,1.0,0.0,5.6579
T311T ,0,0,0.0,0.0,0.003,0.11,0.170758,0.148441,-0.0346894,-0.123032,7.20202,1.0,0.0,3.9604
R380R ,0,0,0.0,0.0,-0.147,0.29,0.165673,0.170648,-0.0346894,-0.0703175,33.5365,0.0,0.0,15.0979
I227I ,0,0,0.0,0.0,0.125,0.19,0.1757,0.132013,0.0451553,-0.0259689,34.0552,0.687053,0.0,14.4734
R195R ,0,0,0.0,0.0,-0.128,0.29,0.272429,0.176781,-0.104672,-0.11467,39.2348,0.895933,0.0,16.7962
M520M ,0,0,0.0,0.0,0.136,0.22,0.197994,0.183545,-0.0346894,0.0285668,28.3683,0.0,0.0,14.3629
L156L ,0,0,0.0,0.0,0.094,0.19,0.11409,0.151081,-0.0346894,0.121592,35.0226,0.981011,0.0,14.8374
D564D ,0,0,0.0,0.0,-0.237,0.11,0.179,0.196214,-0.0346894,-0.0282298,10.194,0.0,0.0,12.9081
W120W ,0,0,0.0,0.0,-0.214,0.41,0.09675,0.166176,-0.0346894,-0.0509223,37.1631,0.789882,0.0,14.2283
R366R ,0,0,0.0,0.0,-0.147,0.29,0.144411,0.15661,-0.0346894,-0.0831086,15.9346,0.0,0.0,9.1817
F193L ,0,0,-1.89,8.26,0.094,0.19,0.159476,0.181556,-0.0343447,-0.03817,39.2497,0.882629,0.9996,16.3113
L203L ,0,0,0.0,0.0,-0.187,0.19,0.180832,0.157788,-0.110845,-0.0242913,41.2024,1.0,0.0,16.4367
F340L ,0,0,-1.89,9.32,-0.187,0.19,0.1417,0.134226,-0.101845,-0.119512,10.8572,1.0,0.9989,4.7342
G229D ,2,0,2.78,7.53,-0.068,0.11,0.19502,0.162969,-0.0268447,-0.0317759,33.4448,0.998095,0.9964,13.4311
T265T ,0,0,0.0,0.0,0.003,0.11,0.192027,0.16997,-0.0346894,-0.12021,13.5404,1.0,0.0,6.812
A178A ,0,0,0.0,0.0,0.075,0.05,0.193348,0.177686,-0.0346894,-0.0164003,41.3736,0.463866,0.0,17.6102
I200I ,0,0,0.0,0.0,-0.208,0.19,0.0940216,0.168087,-0.0346894,0.067436,36.8585,1.0,0.0,14.956
V554V ,0,0,0.0,0.0,0.066,0.14,0.18385,0.19518,-0.0346894,-0.0832573,11.3231,0.0,0.0,10.5554
N112N ,0,0,0.0,0.0,-0.143,0.13,0.2114,0.177377,-0.0346894,-0.0411379,36.8713,0.171197,0.0,15.599
G272G ,0,0,0.0,0.0,-0.085,0.0,0.173734,0.188998,-0.0346894,-0.130619,18.4842,1.0,0.0,8.4833
S225S ,0,0,0.0,0.0,-0.023,0.06,0.12179,0.149878,-0.0268965,-0.0194099,36.2404,0.542892,0.0,14.3881
I375I ,0,0,0.0,0.0,0.157,0.19,0.127017,0.153315,-0.0346894,0.0154113,32.0331,0.0,0.0,11.8245
Y382Y ,0,0,0.0,0.0,0.053,0.3,0.122333,0.167768,-0.0346894,-0.0905631,41.4612,0.0,0.0,13.7981
R243R ,0,0,0.0,0.0,0.444,0.29,0.183,0.172437,0.284437,0.191923,31.9901,1.0,0.0,13.7127
Q361Q ,0,0,0.0,0.0,-0.201,0.18,0.22425,0.195373,-0.0346894,-0.0451723,17.8334,0.0,0.0,7.426
K121K ,0,0,0.0,0.0,-0.131,0.22,0.20925,0.16854,-0.0346894,0.122328,39.163,0.775927,0.0,15.9686
A370A ,0,0,0.0,0.0,0.081,0.05,0.110954,0.170504,-0.0346894,0.0152036,22.6955,0.0,0.0,10.2964
T312T ,0,0,0.0,0.0,0.003,0.11,0.176554,0.146436,-0.0346894,-0.157832,3.70329,1.0,0.0,3.2769
A344A ,0,0,0.0,0.0,-0.13,0.05,0.0947,0.122918,-0.0823447,-0.0662689,5.33968,1.0,0.0,2.9166
G245G ,0,0,0.0,0.0,-0.019,0.0,0.139332,0.165273,-0.0268447,0.108238,25.0258,0.98619,0.0,10.772
L353L ,0,0,0.0,0.0,0.094,0.19,0.124037,0.147568,0.0296553,-0.0463946,8.242,0.0749683,0.0,3.5261
R174P ,0,-3,-3.41,10.67,0.358,0.0,0.230107,0.1938,0.348262,0.199518,38.9721,1.0,0.9961,16.2142
L559L ,0,0,0.0,0.0,0.151,0.19,0.195461,0.203426,-0.0346894,-0.144289,4.643,0.0,0.0,10.0651
V135I ,0,0,1.0,0.35,-0.208,0.19,0.177,0.164698,-0.12223,-0.119881,31.8044,1.0,0.0795,13.1921
S338S ,0,0,0.0,0.0,0.05,0.06,0.1386,0.145287,-0.0346894,-0.105739,8.79596,1.0,0.0,4.669
V254V ,0,0,0.0,0.0,0.147,0.14,0.149897,0.153637,-0.0346894,-0.0288828,13.4804,0.817973,0.0,6.0981
C180C ,0,0,0.0,0.0,0.369,0.13,0.14475,0.164139,-0.0346894,-0.0521408,41.6523,0.00546449,0.0,18.0539
R539R ,0,0,0.0,0.0,-0.147,0.29,0.163953,0.167998,-0.0346894,-0.162343,11.9299,0.0,0.0,8.2104
G252G ,0,0,0.0,0.0,-0.019,0.0,0.135286,0.184501,-0.0346894,-0.0229556,18.9312,0.963269,0.0,8.1047
S253S ,0,0,0.0,0.0,-0.023,0.06,0.107444,0.192342,-0.0288447,0.0263343,17.8578,0.632149,0.0,7.3774
I230I ,0,0,0.0,0.0,0.125,0.19,0.186612,0.153572,-0.0346894,0.0730946,34.4755,0.999998,0.0,14.1856
C381C ,0,0,0.0,0.0,-0.25,0.13,0.132167,0.192992,-0.17823,-0.0727604,36.0868,0.0,0.0,13.5991
S209S ,0,0,0.0,0.0,0.05,0.06,0.149352,0.156019,0.0076553,0.0368545,40.0971,1.0,0.0,16.2218
T144A ,-1,-1,-1.6,8.11,0.075,0.05,0.165347,0.149979,-0.0128447,-0.00884649,25.7243,0.438738,0.9112,10.9453
G186S ,1,1,1.6,8.13,-0.023,0.06,0.119769,0.184679,-0.0229224,-0.0152069,47.9732,0.172429,0.7383,20.2419
T153M ,-1,-1,1.83,4.47,0.038,0.22,0.0664303,0.156367,-0.0128447,0.0432079,35.4114,0.35975,0.0965,14.8772
L114L ,0,0,0.0,0.0,0.094,0.19,0.220556,0.200807,0.0296553,0.24825,38.2938,0.972072,0.0,15.519
A194A ,0,0,0.0,0.0,-0.13,0.05,0.162795,0.196101,-0.0823447,0.00900638,41.1403,1.0,0.0,16.6071
V294V ,0,0,0.0,0.0,0.066,0.14,0.0887,0.125633,0.0156553,0.0439311,16.1778,0.0,0.0,8.0147
D317D ,0,0,0.0,0.0,-0.068,0.11,0.149816,0.139021,-0.0346894,-0.0415402,7.29168,0.348888,0.0,4.0808
V541V ,0,0,0.0,0.0,0.066,0.14,0.161042,0.179616,-0.0346894,-0.00905772,4.07279,0.0,0.0,5.0521
V135A ,0,0,-2.0,2.34,-0.13,0.05,0.177,0.164698,-0.12223,-0.119881,31.8044,1.0,0.1039,13.1921
V324V ,0,0,0.0,0.0,0.147,0.14,0.206091,0.161296,0.0561553,-0.0546081,22.59,0.820937,0.0,10.3711
W323A ,0,-1,-7.08,17.08,0.075,0.05,0.259815,0.15296,-0.169172,-0.0553291,23.65,0.628325,0.8121,9.6003
C136F ,0,0,3.46,14.71,-0.169,0.29,0.170752,0.173789,0.0026553,0.0377768,32.4647,1.0,0.9544,13.4891
C122C ,0,0,0.0,0.0,0.369,0.13,0.125852,0.17092,0.167155,-0.021363,34.8051,0.919144,0.0,14.4528
G348G ,0,0,0.0,0.0,-0.019,0.0,0.14699,0.130734,-0.0346894,-0.0537389,7.44375,0.969294,0.0,2.9471
M553M ,0,0,0.0,0.0,0.136,0.22,0.1944,0.169417,-0.0346894,0.0633873,7.83152,0.0,0.0,9.7849
L251L ,0,0,0.0,0.0,-0.187,0.19,0.169959,0.160238,-0.110845,0.00486004,16.5703,1.0,0.0,7.2049
T391T ,0,0,0.0,0.0,-0.012,0.11,0.16627,0.167533,-0.0346894,0.028552,38.6741,0.0,0.0,17.7919
V524V ,0,0,0.0,0.0,0.066,0.14,0.144952,0.193578,-0.0346894,-0.0563376,23.3808,0.0,0.0,12.1367
L239L ,0,0,0.0,0.0,-0.187,0.19,0.184501,0.173207,-0.0346894,-0.141311,27.3058,1.0,0.0,11.532
Q565Q ,0,0,0.0,0.0,-0.201,0.18,0.112333,0.185286,-0.0346894,-0.0982298,11.7507,0.0,0.0,13.4063
F340F ,0,0,0.0,0.0,-0.169,0.29,0.1417,0.134226,-0.101845,-0.119512,10.8572,1.0,0.0,4.7342
T104T ,0,0,0.0,0.0,-0.012,0.11,0.1494,0.158463,-0.0195631,-0.0273379,47.324,0.0,0.0,20.4992
Y267F ,-1,-1,-0.58,7.43,-0.169,0.29,0.198462,0.178221,-0.0363447,-0.122462,21.7797,1.0,0.6436,10.0523
N386N ,0,0,0.0,0.0,-0.114,0.13,0.0879185,0.152765,-0.0346894,-0.114608,46.1068,0.0,0.0,15.174
E170E ,0,0,0.0,0.0,0.553,0.15,0.208565,0.18859,-0.0346894,0.102807,40.3432,1.0,0.0,16.5336
A525A ,0,0,0.0,0.0,0.081,0.05,0.178804,0.159686,-0.0346894,-0.0224832,24.8114,0.0,0.0,11.1008
V162V ,0,0,0.0,0.0,-0.166,0.14,0.176583,0.175208,-0.100345,-0.150664,42.6148,1.0,0.0,17.4925
W176R ,0,2,-1.95,16.6,-0.128,0.29,0.1994,0.166134,-0.124345,-0.0699379,47.7366,0.670262,0.9964,19.7063
Q321Q ,0,0,0.0,0.0,-0.039,0.18,0.102242,0.161335,-0.0346894,-0.00342129,14.1007,0.078167,0.0,6.88
A194P ,0,0,1.72,7.35,0.358,0.0,0.162795,0.196101,-0.0823447,0.00900638,41.1403,1.0,0.9881,16.6071
L282L ,0,0,0.0,0.0,0.094,0.19,0.214188,0.16034,0.0296553,-0.0369838,25.2234,0.736642,0.0,11.6605
F127L ,0,0,-1.89,7.16,-0.187,0.19,0.167449,0.174244,-0.101845,-0.14874,30.7936,1.0,0.8702,12.686
A150G ,0,0,-1.0,2.73,-0.019,0.0,0.0901679,0.132192,0.0475777,0.0512733,34.9524,0.023062,0.079,14.8309
R228R ,0,0,0.0,0.0,-0.128,0.29,0.0914,0.161423,-0.0346894,-0.0189379,31.9661,0.40726,0.0,13.1806
L203P ,0,0,-1.28,7.79,0.358,0.0,0.180832,0.157788,-0.110845,-0.0242913,41.2024,1.0,0.9976,16.4367
R181L ,0,-3,-2.13,9.33,0.094,0.19,0.218556,0.170801,-0.104672,-0.038521,37.1123,0.0188145,0.9776,16.2838
L550L ,0,0,0.0,0.0,0.151,0.19,0.102808,0.164676,-0.0346894,0.000933764,11.1595,0.0,0.0,9.8672
R190P ,0,-3,-3.41,10.9,-0.103,0.0,0.0662533,0.193085,-0.0968965,-0.0197543,45.7549,0.544657,0.9886,19.2562
F166F ,0,0,0.0,0.0,-0.169,0.29,0.17935,0.176679,-0.101845,0.0285412,41.062,1.0,0.0,16.9277
W305W ,0,0,0.0,0.0,-0.214,0.41,0.0628333,0.137535,-0.0346894,-0.0086149,12.0439,0.969521,0.0,6.0245
R533R ,0,0,0.0,0.0,-0.147,0.29,0.198344,0.180466,-0.0908447,-0.027682,20.5852,0.0,0.0,6.8774
S225W ,-1,0,6.48,10.55,-0.214,0.41,0.12179,0.149878,-0.0268965,-0.0194099,36.2404,0.542892,0.9828,14.3881
W323W ,0,0,0.0,0.0,-0.214,0.41,0.259815,0.15296,-0.169172,-0.0553291,23.65,0.628325,0.0,9.6003
D388N ,-1,1,0.17,2.26,-0.114,0.13,0.0934,0.126417,-0.135845,-0.109138,48.21,0.0,0.1032,17.3423
L347L ,0,0,0.0,0.0,-0.187,0.19,0.133847,0.126649,-0.110845,-0.0144847,10.3015,1.0,0.0,4.3157
V106V ,0,0,0.0,0.0,0.147,0.14,0.19087,0.167811,0.0561553,0.00903812,47.1191,0.159736,0.0,19.668
G548G ,0,0,0.0,0.0,0.123,0.0,0.150468,0.189677,-0.0346894,-0.0221397,7.40514,0.0,0.0,7.5847
V288V ,0,0,0.0,0.0,0.066,0.14,0.0867,0.118801,0.0156553,0.0538311,15.5388,0.0,0.0,7.9455
L374L ,0,0,0.0,0.0,0.151,0.19,0.148148,0.162782,-0.0346894,0.067658,27.8648,0.0,0.0,10.8147
C136C ,0,0,0.0,0.0,0.04,0.13,0.170752,0.173789,0.0026553,0.0377768,32.4647,1.0,0.0,13.4891
D242D ,0,0,0.0,0.0,0.574,0.11,0.154977,0.163798,0.269655,0.141945,26.2043,1.0,0.0,11.155
R174H ,2,-1,-1.47,8.89,0.191,0.23,0.230107,0.1938,0.348262,0.199518,38.9721,1.0,0.9861,16.2142
D202G ,-2,0,-2.78,10.35,-0.085,0.0,0.171237,0.172452,0.269655,-0.0584942,36.1679,1.0,0.9971,14.7517
A150A ,0,0,0.0,0.0,0.075,0.05,0.0901679,0.132192,0.0475777,0.0512733,34.9524,0.023062,0.0,14.8309
A383A ,0,0,0.0,0.0,0.081,0.05,0.167424,0.164451,-0.0346894,-0.0191043,40.7051,0.0,0.0,15.4249
K528K ,0,0,0.0,0.0,-0.22,0.22,0.101475,0.165804,-0.0346894,0.0482005,20.1857,0.0,0.0,10.7786
R293R ,0,0,0.0,0.0,-0.147,0.29,0.0713067,0.116173,-0.0346894,0.0150673,10.6429,0.0,0.0,5.9482
F130F ,0,0,0.0,0.0,-0.169,0.29,0.165315,0.185115,-0.0346894,-0.160708,27.8822,1.0,0.0,11.6902
T169M ,-1,-1,1.83,2.03,-0.14,0.22,0.148859,0.191583,-0.00956313,-0.0493116,45.3157,1.0,0.0868,18.4586
F279F ,0,0,0.0,0.0,-0.169,0.29,0.212429,0.158511,-0.12423,-0.0209556,23.9535,1.0,0.0,10.8299
R259H ,2,-1,-1.47,7.68,-0.11,0.23,0.2434,0.155675,-0.0813447,-0.0539379,19.4941,0.757643,0.9127,8.8412
L266L ,0,0,0.0,0.0,-0.187,0.19,0.155667,0.176581,-0.0346894,-0.0798965,16.9991,1.0,0.0,7.6694
K526K ,0,0,0.0,0.0,-0.22,0.22,0.214069,0.182988,-0.0346894,0.103115,26.8648,0.0,0.0,9.7864
Q547Q ,0,0,0.0,0.0,-0.201,0.18,0.08925,0.161987,-0.0346894,-0.0121723,11.3978,0.0,0.0,9.6548
W188W ,0,0,0.0,0.0,-0.214,0.41,0.222833,0.176926,-0.124345,0.0212184,48.7989,0.499273,0.0,20.2234
P535P ,0,0,0.0,0.0,-0.137,0.0,0.2292,0.196767,-0.0346894,-0.066045,10.9907,0.0,0.0,6.0173
A532A ,0,0,0.0,0.0,0.081,0.05,0.203738,0.172942,-0.0346894,-0.0675431,17.9539,0.0,0.0,7.9035
I368I ,0,0,0.0,0.0,0.157,0.19,0.10002,0.163,-0.0346894,-0.0737288,24.7553,0.0,0.0,10.0835
V280V ,0,0,0.0,0.0,0.147,0.14,0.0940999,0.157282,0.0561553,0.0346798,18.0908,0.922304,0.0,8.826
K218E ,2,-1,-0.99,2.17,0.071,0.15,0.101522,0.136467,-0.0828447,-0.0489091,46.3845,0.112745,0.1442,19.6601
S199A ,-1,-1,-0.6,5.03,-0.13,0.05,0.135512,0.184578,0.0076553,0.0742246,36.784,1.0,0.2299,15.0768
R190L ,0,-3,-2.13,10.98,0.094,0.19,0.0662533,0.193085,-0.0968965,-0.0197543,45.7549,0.544657,0.9669,19.2562
T104S ,0,0,-1.0,2.7,-0.023,0.06,0.1494,0.158463,-0.0195631,-0.0273379,47.324,0.0,0.0871,20.4992
I198V ,0,0,-1.0,4.38,-0.166,0.14,0.137313,0.1866,-0.121345,0.206207,32.7084,1.0,0.3984,13.2192
R109L ,0,-3,-2.13,5.62,0.094,0.19,0.162382,0.173254,-0.0813447,0.0671102,43.8461,0.160856,0.2761,18.1962
Q521Q ,0,0,0.0,0.0,-0.201,0.18,0.17175,0.180331,-0.0346894,0.0615776,27.9405,0.0,0.0,14.1894
A378A ,0,0,0.0,0.0,0.081,0.05,0.167064,0.18091,-0.0346894,-0.0669181,33.5394,0.0,0.0,12.4002
E160K ,-2,1,0.99,7.18,0.724,0.22,0.146805,0.168002,0.357104,0.0317246,38.8616,1.0,0.9966,15.8021
R231M ,0,-3,-1.7,10.4,0.038,0.22,0.151804,0.155363,-0.104672,-0.0104457,29.8084,0.85099,0.9992,13.2992
V241V ,0,0,0.0,0.0,-0.166,0.14,0.1634,0.188552,-0.100345,0.155662,28.0418,1.0,0.0,11.97
Y111Y ,0,0,0.0,0.0,-0.012,0.3,0.144111,0.200672,-0.0233447,-0.0158544,37.8801,0.401376,0.0,16.0747
Q376Q ,0,0,0.0,0.0,-0.201,0.18,0.1154,0.145704,-0.0346894,0.0336621,31.0721,0.0,0.0,13.7719
I161I ,0,0,0.0,0.0,-0.208,0.19,0.149933,0.171541,-0.0346894,0.0537975,44.2137,1.0,0.0,17.9164
F332F ,0,0,0.0,0.0,-0.169,0.29,0.0841715,0.149165,-0.0346894,-0.0720233,14.4248,1.0,0.0,7.5441
M210I ,0,0,-0.43,0.78,-0.208,0.19,0.134614,0.149495,-0.0873447,-0.101817,45.2626,1.0,0.2282,18.2327
N551N ,0,0,0.0,0.0,-0.114,0.13,0.137345,0.189276,-0.0346894,0.0254969,9.99093,0.0,0.0,9.6022
A300T ,1,1,1.6,7.26,0.009,0.11,0.110636,0.169544,0.0475777,0.0179373,19.7231,0.748306,0.8763,9.4015
V165V ,0,0,0.0,0.0,-0.166,0.14,0.146392,0.156984,-0.12223,-0.144669,45.623,1.0,0.0,18.4186
L271L ,0,0,0.0,0.0,-0.187,0.19,0.191874,0.192293,-0.0346894,-0.115096,21.6976,1.0,0.0,9.8849
T309T ,0,0,0.0,0.0,0.003,0.11,0.148958,0.139149,-0.0346894,-0.139988,8.90854,1.0,0.0,4.3806
N289N ,0,0,0.0,0.0,-0.114,0.13,0.124568,0.129843,-0.0346894,-0.0390831,10.5918,0.0,0.0,5.9733
I201I ,0,0,0.0,0.0,-0.208,0.19,0.166009,0.162897,-0.0346894,-0.046708,33.3449,1.0,0.0,13.6092
M210M ,0,0,0.0,0.0,-0.14,0.22,0.134614,0.149495,-0.0873447,-0.101817,45.2626,1.0,0.0,18.2327
L303L ,0,0,0.0,0.0,-0.187,0.19,0.109769,0.14625,-0.0346894,0.0070991,18.4961,1.0,0.0,8.5944
W176W ,0,0,0.0,0.0,-0.214,0.41,0.1994,0.166134,-0.124345,-0.0699379,47.7366,0.670262,0.0,19.7063
V135V ,0,0,0.0,0.0,-0.166,0.14,0.177,0.164698,-0.12223,-0.119881,31.8044,1.0,0.0,13.1921
Y184Y ,0,0,0.0,0.0,-0.012,0.3,0.204187,0.186688,-0.0346894,-0.0776681,39.7976,0.308272,0.0,16.903
V310V ,0,0,0.0,0.0,-0.166,0.14,0.154603,0.150173,-0.100345,-0.129333,10.3857,1.0,0.0,4.6778
A287A ,0,0,0.0,0.0,0.081,0.05,0.1237,0.127733,0.0424369,0.0296311,17.7746,0.0,0.0,8.8145
V207M ,0,0,1.43,4.48,-0.14,0.22,0.165752,0.155796,-0.100345,-0.155073,42.6363,1.0,0.1194,17.119
L163L ,0,0,0.0,0.0,-0.187,0.19,0.168852,0.166968,-0.0346894,0.152536,38.2336,1.0,0.0,16.0063
F335F ,0,0,0.0,0.0,-0.169,0.29,0.1414,0.149509,-0.0346894,-0.0573379,15.874,1.0,0.0,7.0484
V133V ,0,0,0.0,0.0,-0.166,0.14,0.193521,0.181796,-0.100345,-0.0707923,31.0733,1.0,0.0,12.8599
A223A ,0,0,0.0,0.0,0.075,0.05,0.0804153,0.14913,-0.0346894,0.00570122,39.4931,0.219552,0.0,15.7809
R231R ,0,0,0.0,0.0,-0.128,0.29,0.151804,0.155363,-0.104672,-0.0104457,29.8084,0.85099,0.0,13.2992
E558E ,0,0,0.0,0.0,-0.318,0.15,0.245637,0.199528,-0.0346894,-0.0688259,10.3558,0.0,0.0,11.5309
Y315Y ,0,0,0.0,0.0,-0.012,0.3,0.100113,0.125331,-0.0346894,-0.0643584,5.71359,0.901882,0.0,4.5327
A287V ,0,0,2.0,4.91,0.066,0.14,0.1237,0.127733,0.0424369,0.0296311,17.7746,0.0,0.1186,8.8145
G179G ,0,0,0.0,0.0,-0.019,0.0,0.148083,0.175769,-0.0242298,0.00277588,43.8609,0.105447,0.0,18.7093
R533W ,0,-2,1.95,9.46,0.299,0.41,0.198344,0.180466,-0.0908447,-0.027682,20.5852,0.0,0.9712,6.8774
S389S ,0,0,0.0,0.0,-0.023,0.06,0.126254,0.173195,-0.0346894,-0.0475556,43.9057,0.0,0.0,17.0693
C381Y ,1,1,4.04,11.47,0.053,0.3,0.132167,0.192992,-0.17823,-0.0727604,36.0868,0.0,0.9377,13.5991
A372A ,0,0,0.0,0.0,0.081,0.05,0.0997791,0.140377,-0.0346894,-0.0108422,28.1107,0.0,0.0,11.8096
I227L ,0,0,0.0,1.97,0.094,0.19,0.1757,0.132013,0.0451553,-0.0259689,34.0552,0.687053,0.2944,14.4734
V215M ,0,0,1.43,4.18,0.038,0.22,0.121522,0.117209,0.0864369,0.0810958,45.8177,0.900866,0.2054,17.9362
I567I ,0,0,0.0,0.0,0.157,0.19,0.1135,0.12925,-0.0346894,-0.0288447,17.2947,0.0,0.0,13.3693
S373S ,0,0,0.0,0.0,-0.023,0.06,0.107657,0.158694,-0.0346894,0.0272624,26.7037,0.0,0.0,12.0734
S182S ,0,0,0.0,0.0,-0.023,0.06,0.23925,0.163155,-0.0346894,-0.0804117,41.3121,0.0,0.0,17.7727
L191P ,0,0,-1.28,8.57,-0.103,0.0,0.146183,0.18753,0.0296553,-0.0779184,45.3302,0.942408,0.9342,18.5432
E290K ,-2,1,0.99,3.32,-0.22,0.22,0.12675,0.1125,-0.176345,-0.122422,10.2361,0.0,0.115,5.3544
F351F ,0,0,0.0,0.0,-0.034,0.29,0.141237,0.145006,-0.0343447,-0.00498005,11.9227,0.950057,0.0,4.9949
A149V ,0,0,2.0,1.25,0.147,0.14,0.096083,0.144618,0.0201553,-0.0399437,30.9788,0.0593161,0.0566,13.4348
Y171H ,1,1,-1.81,8.09,0.191,0.23,0.180926,0.188475,-0.0363447,0.141089,41.314,1.0,0.9981,17.1674
L250L ,0,0,0.0,0.0,0.094,0.19,0.178995,0.161081,-0.0346894,-0.0385808,16.4747,0.80857,0.0,7.3884
R519H ,2,-1,-1.47,7.37,-0.04,0.23,0.236273,0.182311,-0.0908447,0.0401286,34.8031,0.0,0.4227,13.3104
G154G ,0,0,0.0,0.0,-0.019,0.0,0.162941,0.145426,-0.0346894,0.00619928,38.8119,0.581596,0.0,16.2056
I517I ,0,0,0.0,0.0,0.157,0.19,0.186149,0.18885,-0.0346894,0.014187,30.4876,0.0,0.0,16.0517
K218K ,0,0,0.0,0.0,-0.131,0.22,0.101522,0.136467,-0.0828447,-0.0489091,46.3845,0.112745,0.0,19.6601
Y111C ,-1,-1,-4.04,12.38,0.369,0.13,0.144111,0.200672,-0.0233447,-0.0158544,37.8801,0.401376,0.9541,16.0747
T118T ,0,0,0.0,0.0,0.009,0.11,0.0461667,0.156814,-0.0128447,-0.0449482,31.8212,0.280062,0.0,13.5223
A371A ,0,0,0.0,0.0,0.081,0.05,0.129236,0.155176,-0.0346894,0.0784461,26.3352,0.0,0.0,10.2455
R116R ,0,0,0.0,0.0,-0.128,0.29,0.19952,0.186945,-0.0346894,-0.00998144,33.9141,0.135806,0.0,13.7491
V172M ,0,0,1.43,2.26,-0.14,0.22,0.154616,0.193419,-0.12223,-0.056098,45.9743,1.0,0.1355,18.8812
F296F ,0,0,0.0,0.0,-0.034,0.29,0.120405,0.122726,-0.0346894,-0.00330465,15.5901,0.354334,0.0,7.7583
Y545Y ,0,0,0.0,0.0,0.053,0.3,0.135667,0.137817,-0.0346894,-0.0862298,4.4588,0.0,0.0,6.2796
R174R ,0,0,0.0,0.0,0.444,0.29,0.230107,0.1938,0.348262,0.199518,38.9721,1.0,0.0,16.2142
F123F ,0,0,0.0,0.0,-0.169,0.29,0.191112,0.159899,-0.0346894,-0.0443095,30.2795,1.0,0.0,12.7731
K362A ,0,-1,-3.77,9.03,0.081,0.05,0.187691,0.202351,-0.127345,-0.159041,20.9755,0.0,0.9989,8.1402
P369P ,0,0,0.0,0.0,-0.137,0.0,0.103148,0.145118,-0.0346894,0.0727922,23.2259,0.0,0.0,11.0166
Y281Y ,0,0,0.0,0.0,-0.012,0.3,0.128669,0.146418,-0.0346894,0.00604795,21.8172,0.513697,0.0,10.7116
Y536Y ,0,0,0.0,0.0,0.053,0.3,0.150849,0.167371,-0.0346894,-0.0542822,9.90998,0.0,0.0,6.3541
A300E ,2,0,2.78,8.15,0.071,0.15,0.110636,0.169544,0.0475777,0.0179373,19.7231,0.748306,0.9822,9.4015
S277S ,0,0,0.0,0.0,0.05,0.06,0.151513,0.155817,-0.0346894,-0.0291101,18.678,1.0,0.0,8.8111
G168G ,0,0,0.0,0.0,-0.085,0.0,0.172781,0.176655,-0.0346894,-0.0294639,43.1528,1.0,0.0,17.8475
P197S ,1,1,-1.12,10.54,0.05,0.06,0.117909,0.181602,0.259828,0.0230282,32.8843,1.0,0.9894,13.4291
V162M ,0,0,1.43,5.82,-0.14,0.22,0.176583,0.175208,-0.100345,-0.150664,42.6148,1.0,0.1891,17.4925
Q357Q ,0,0,0.0,0.0,-0.201,0.18,0.207107,0.166677,-0.117845,-0.0594976,12.512,0.0,0.0,5.4818
W392W ,0,0,0.0,0.0,0.299,0.41,0.0988924,0.135033,-0.0346894,-0.0166167,40.5403,0.0,0.0,17.8891
E385E ,0,0,0.0,0.0,-0.318,0.15,0.166882,0.175621,-0.0346894,-0.0131032,42.982,0.0,0.0,14.1251
V221V ,0,0,0.0,0.0,0.066,0.14,0.1735,0.15925,-0.0346894,-0.117845,47.1721,0.0,0.0,15.9876
G219G ,0,0,0.0,0.0,-0.019,0.0,0.19675,0.124835,-0.0346894,-0.124422,46.8193,0.0421219,0.0,17.9853
S390S ,0,0,0.0,0.0,-0.023,0.06,0.13925,0.169166,-0.0346894,-0.0724223,42.0942,0.0,0.0,18.3498
S276S ,0,0,0.0,0.0,0.05,0.06,0.189545,0.153197,-0.0346894,-0.0697672,18.9963,1.0,0.0,8.6535
Q367Q ,0,0,0.0,0.0,-0.201,0.18,0.13548,0.169114,-0.0346894,0.0531913,21.4511,0.0,0.0,7.9275
G246G ,0,0,0.0,0.0,-0.019,0.0,0.133676,0.184586,-0.0346894,-0.0207533,22.2864,0.883183,0.0,9.5838
E290E ,0,0,0.0,0.0,-0.318,0.15,0.12675,0.1125,-0.176345,-0.122422,10.2361,0.0,0.0,5.3544
F157F ,0,0,0.0,0.0,-0.034,0.29,0.2114,0.14922,-0.0343447,-0.0977379,42.131,0.882386,0.0,17.174
F222F ,0,0,0.0,0.0,0.294,0.29,0.167,0.162333,-0.0346894,-0.0346894,49.427,0.0,0.0,16.542
V280E ,2,0,0.78,10.19,0.071,0.15,0.0940999,0.157282,0.0561553,0.0346798,18.0908,0.922304,0.9949,8.826
V516V ,0,0,0.0,0.0,0.066,0.14,0.168138,0.186687,-0.0346894,-0.00354309,34.4487,0.0,0.0,15.5871
I204I ,0,0,0.0,0.0,-0.208,0.19,0.155377,0.145404,-0.121345,-0.164001,37.5909,1.0,0.0,15.1787
Q244Q ,0,0,0.0,0.0,-0.039,0.18,0.0591852,0.170122,-0.0346894,0.0889286,27.468,0.758942,0.0,12.0666
I328I ,0,0,0.0,0.0,-0.208,0.19,0.0974199,0.164391,-0.0346894,0.0116183,18.9637,1.0,0.0,9.0643
R231C ,0,-3,-3.7,12.58,0.369,0.13,0.151804,0.155363,-0.104672,-0.0104457,29.8084,0.85099,0.9727,13.2992
L131P ,0,0,-1.28,8.43,0.358,0.0,0.189701,0.176519,-0.110845,-0.159301,31.0655,1.0,0.9584,13.0279
R195P ,0,-3,-3.41,10.81,-0.103,0.0,0.272429,0.176781,-0.104672,-0.11467,39.2348,0.895933,0.9784,16.7962
V255V ,0,0,0.0,0.0,0.147,0.14,0.138571,0.194965,-0.0346894,-0.0615222,16.4415,0.999977,0.0,7.2103
R192H ,2,-1,-1.47,7.66,-0.11,0.23,0.203615,0.181791,-0.0968965,-0.0872069,41.3567,0.374971,0.2242,17.2391
I198I ,0,0,0.0,0.0,-0.208,0.19,0.137313,0.1866,-0.121345,0.206207,32.7084,1.0,0.0,13.2192
K534K ,0,0,0.0,0.0,-0.22,0.22,0.167059,0.193264,-0.0346894,-0.110591,14.9636,0.0,0.0,7.3486
Y522Y ,0,0,0.0,0.0,0.053,0.3,0.154,0.188985,-0.0346894,0.0485711,30.4196,0.0,0.0,11.5151
G306G ,0,0,0.0,0.0,-0.085,0.0,0.158917,0.146108,-0.0598447,-0.141724,12.4885,1.0,0.0,6.1764
V173V ,0,0,0.0,0.0,-0.166,0.14,0.184414,0.211996,-0.0346894,0.145325,44.6874,1.0,0.0,18.3563
L187L ,0,0,0.0,0.0,0.094,0.19,0.147125,0.149809,0.0296553,-0.0555862,50.4164,0.660994,0.0,20.9551
Q531E ,1,-1,-0.17,2.25,-0.318,0.15,0.160756,0.182037,-0.117845,-0.11757,16.9534,0.0,0.3268,9.1053
I257I ,0,0,0.0,0.0,0.125,0.19,0.203417,0.172074,-0.0346894,0.00721527,14.9776,0.403892,0.0,6.799
E160E ,0,0,0.0,0.0,0.553,0.15,0.146805,0.168002,0.357104,0.0317246,38.8616,1.0,0.0,15.8021
L134L ,0,0,0.0,0.0,-0.187,0.19,0.172782,0.174688,-0.110845,-0.159599,27.2759,1.0,0.0,11.6515
Q356Q ,0,0,0.0,0.0,-0.039,0.18,0.160912,0.174978,-0.0346894,-0.0280004,11.9719,0.05242,0.0,3.8238
G186D ,2,0,2.78,9.15,-0.068,0.11,0.119769,0.184679,-0.0229224,-0.0152069,47.9732,0.172429,0.9753,20.2419
G119R ,0,3,6.13,9.37,-0.128,0.29,0.151,0.152339,-0.0268447,0.0697587,32.5005,0.522672,0.9608,13.598
K527K ,0,0,0.0,0.0,-0.22,0.22,0.175667,0.196822,-0.0346894,-0.145563,20.819,0.0,0.0,10.5006
E115G ,-2,0,-3.78,9.76,-0.019,0.0,0.255435,0.191411,0.0181553,0.207194,34.3472,0.787187,0.9869,14.4345
T377T ,0,0,0.0,0.0,-0.012,0.11,0.165326,0.17931,-0.0346894,-0.0622649,30.468,0.0,0.0,12.9576
S291S ,0,0,0.0,0.0,-0.023,0.06,0.126714,0.134245,-0.0346894,-0.0979556,7.85855,0.0,0.0,4.8927
V241I ,0,0,1.0,3.89,-0.208,0.19,0.1634,0.188552,-0.100345,0.155662,28.0418,1.0,0.4432,11.97
A352A ,0,0,0.0,0.0,0.075,0.05,0.140592,0.154516,-0.0346894,0.0269341,9.13154,0.506957,0.0,3.4791
Q234Q ,0,0,0.0,0.0,0.381,0.18,0.17194,0.173468,0.277078,0.109438,31.9014,1.0,0.0,13.1547
V129I ,0,0,1.0,3.83,-0.208,0.19,0.1667,0.199322,-0.133172,-0.128469,34.3392,1.0,0.4371,14.0342
I235I ,0,0,0.0,0.0,-0.208,0.19,0.207162,0.188663,-0.0346894,-0.0676214,26.6248,1.0,0.0,11.4834
V124V ,0,0,0.0,0.0,-0.166,0.14,0.234835,0.168727,-0.100345,-0.141496,35.3536,1.0,0.0,14.5794
C381W ,0,1,5.65,12.38,0.299,0.41,0.132167,0.192992,-0.17823,-0.0727604,36.0868,0.0,0.972,13.5991
E146G ,-2,0,-3.78,7.33,0.123,0.0,0.133857,0.107044,-0.223563,-0.0852413,26.5559,0.0,0.1114,11.2381
D301D ,0,0,0.0,0.0,-0.068,0.11,0.105064,0.144124,-0.0346894,0.00651874,16.4924,0.488856,0.0,8.17
E543E ,0,0,0.0,0.0,-0.318,0.15,0.18631,0.185812,-0.0346894,-0.0919154,10.9201,0.0,0.0,8.809
Y125D ,1,-1,-3.69,13.15,0.574,0.11,0.164041,0.199074,-0.0363447,-0.0804868,37.2927,1.0,0.9984,15.2361
G186G ,0,0,0.0,0.0,-0.019,0.0,0.119769,0.184679,-0.0229224,-0.0152069,47.9732,0.172429,0.0,20.2419
A226A ,0,0,0.0,0.0,0.075,0.05,0.0869727,0.146539,-0.0346894,0.0276383,37.7009,0.714902,0.0,14.81
G292G ,0,0,0.0,0.0,0.123,0.0,0.132429,0.126335,0.0441553,-0.00909849,12.0233,0.0,0.0,6.5848
R561R ,0,0,0.0,0.0,-0.147,0.29,0.166836,0.195438,-0.0346894,-0.176541,13.0892,0.0,0.0,13.1875
G179S ,1,1,1.6,8.23,-0.023,0.06,0.148083,0.175769,-0.0242298,0.00277588,43.8609,0.105447,0.8759,18.7093
W248W ,0,0,0.0,0.0,0.025,0.41,0.192758,0.143304,-0.0048447,-0.0557555,21.912,1.0,0.0,9.4858
Q544Q ,0,0,0.0,0.0,-0.201,0.18,0.182096,0.167962,-0.0346894,-0.0356862,6.93124,0.0,0.0,7.5373
T513T ,0,0,0.0,0.0,-0.012,0.11,0.15175,0.211484,-0.0233447,0.0440776,35.4503,0.0,0.0,17.8657
I138I ,0,0,0.0,0.0,-0.208,0.19,0.174494,0.16874,-0.0346894,-0.0640392,27.3982,1.0,0.0,11.6852
V308V ,0,0,0.0,0.0,-0.166,0.14,0.148706,0.149561,-0.0346894,-0.112761,8.26619,1.0,0.0,4.3756
L563L ,0,0,0.0,0.0,0.151,0.19,0.1385,0.182504,-0.0346894,-0.135845,5.03588,0.0,0.0,11.5083
L262L ,0,0,0.0,0.0,-0.187,0.19,0.121252,0.162284,-0.0346894,0.0794644,13.7396,1.0,0.0,6.7442
R192C ,0,-3,-3.7,11.67,0.369,0.13,0.203615,0.181791,-0.0968965,-0.0872069,41.3567,0.374971,0.2861,17.2391
A336A ,0,0,0.0,0.0,-0.13,0.05,0.170448,0.147928,-0.0346894,-0.122432,12.9121,1.0,0.0,5.2293
P197P ,0,0,0.0,0.0,0.358,0.0,0.117909,0.181602,0.259828,0.0230282,32.8843,1.0,0.0,13.4291
Y267Y ,0,0,0.0,0.0,-0.038,0.3,0.198462,0.178221,-0.0363447,-0.122462,21.7797,1.0,0.0,10.0523
V211V ,0,0,0.0,0.0,-0.166,0.14,0.14818,0.127891,-0.0346894,0.00851296,44.1912,1.0,0.0,17.5654
L552L ,0,0,0.0,0.0,0.151,0.19,0.166998,0.174703,-0.0346894,0.0890064,4.16468,0.0,0.0,7.9777
Q220Q ,0,0,0.0,0.0,-0.201,0.18,0.102333,0.131754,-0.0346894,0.00410353,48.4924,0.0,0.0,17.6009
S349S ,0,0,0.0,0.0,-0.023,0.06,0.0794489,0.116019,-0.0346894,0.0149399,5.75419,0.707052,0.0,2.6691
R192R ,0,0,0.0,0.0,-0.128,0.29,0.203615,0.181791,-0.0968965,-0.0872069,41.3567,0.374971,0.0,17.2391
A150V ,0,0,2.0,3.48,0.147,0.14,0.0901679,0.132192,0.0475777,0.0512733,34.9524,0.023062,0.0679,14.8309
V133I ,0,0,1.0,4.42,-0.208,0.19,0.193521,0.181796,-0.100345,-0.0707923,31.0733,1.0,0.4474,12.8599
A302A ,0,0,0.0,0.0,0.075,0.05,0.155057,0.146008,0.0201553,0.00825787,17.0019,0.874724,0.0,8.1437
I268I ,0,0,0.0,0.0,-0.208,0.19,0.228528,0.181174,-0.121345,-0.102055,17.741,1.0,0.0,8.4137
S140S ,0,0,0.0,0.0,-0.023,0.06,0.193387,0.161998,-0.0288447,0.0209467,29.102,0.98277,0.0,12.079
R231F ,0,-3,-0.24,11.93,-0.034,0.29,0.151804,0.155363,-0.104672,-0.0104457,29.8084,0.85099,0.9987,13.2992
I204F ,0,0,1.89,7.48,-0.169,0.29,0.155377,0.145404,-0.121345,-0.164001,37.5909,1.0,0.4357,15.1787
G325G ,0,0,0.0,0.0,-0.019,0.0,0.11148,0.173871,-0.0346894,0.00143059,18.1001,0.878544,0.0,8.6283
G350G ,0,0,0.0,0.0,-0.019,0.0,0.153,0.135859,-0.0346894,0.029479,9.38014,0.611537,0.0,3.9291
P320P ,0,0,0.0,0.0,-0.103,0.0,0.143129,0.157483,-0.0346894,0.00922473,13.5367,0.577319,0.0,6.3828
V124I ,0,0,1.0,0.13,-0.208,0.19,0.234835,0.168727,-0.100345,-0.141496,35.3536,1.0,0.0784,14.5794
G345G ,0,0,0.0,0.0,-0.085,0.0,0.101704,0.114067,-0.0346894,-0.0361679,4.217,1.0,0.0,2.4797
A384A ,0,0,0.0,0.0,0.081,0.05,0.169438,0.169179,-0.0346894,-0.143382,39.9592,0.0,0.0,15.5954
A287E ,2,0,2.78,6.0,-0.318,0.15,0.1237,0.127733,0.0424369,0.0296311,17.7746,0.0,0.2676,8.8145
M238M ,0,0,0.0,0.0,-0.14,0.22,0.165163,0.17632,-0.0346894,-0.122262,27.0601,1.0,0.0,11.3798
V106I ,0,0,1.0,-0.99,0.125,0.19,0.19087,0.167811,0.0561553,0.00903812,47.1191,0.159736,0.0592,19.668
R518R ,0,0,0.0,0.0,-0.147,0.29,0.156826,0.183119,-0.0346894,-0.0877379,34.3349,0.0,0.0,15.4458
G179A ,0,0,1.0,7.76,0.075,0.05,0.148083,0.175769,-0.0242298,0.00277588,43.8609,0.105447,0.9244,18.7093
L137L ,0,0,0.0,0.0,-0.187,0.19,0.155373,0.179128,-0.0346894,0.0595408,27.0227,1.0,0.0,11.3656
S546S ,0,0,0.0,0.0,-0.023,0.06,0.170035,0.186083,-0.0346894,0.0327151,9.11278,0.0,0.0,8.1485
W323F ,0,-1,-2.19,13.36,-0.034,0.29,0.259815,0.15296,-0.169172,-0.0553291,23.65,0.628325,0.6775,9.6003
G314G ,0,0,0.0,0.0,-0.019,0.0,0.185015,0.151733,-0.0346894,-0.119183,3.43603,0.991312,0.0,3.4865
R519R ,0,0,0.0,0.0,-0.147,0.29,0.236273,0.182311,-0.0908447,0.0401286,34.8031,0.0,0.0,13.3104
R190R ,0,0,0.0,0.0,-0.128,0.29,0.0662533,0.193085,-0.0968965,-0.0197543,45.7549,0.544657,0.0,19.2562
G216G ,0,0,0.0,0.0,-0.019,0.0,0.120862,0.128707,-0.0346894,0.0652649,43.3765,0.634712,0.0,17.64
F167F ,0,0,0.0,0.0,-0.169,0.29,0.187897,0.175819,-0.0346894,-0.0194017,38.0507,1.0,0.0,15.8275
R174C ,0,-3,-3.7,11.94,0.04,0.13,0.230107,0.1938,0.348262,0.199518,38.9721,1.0,0.979,16.2142
R237R ,0,0,0.0,0.0,0.444,0.29,0.161806,0.158908,-0.0346894,0.0876766,33.0794,1.0,0.0,13.8797
V319V ,0,0,0.0,0.0,0.147,0.14,0.124845,0.13409,-0.0346894,-0.045194,9.36332,0.453391,0.0,4.944
G229G ,0,0,0.0,0.0,-0.019,0.0,0.19502,0.162969,-0.0268447,-0.0317759,33.4448,0.998095,0.0,13.4311
S298S ,0,0,0.0,0.0,-0.023,0.06,0.104826,0.15599,-0.0346894,0.0203059,20.848,0.323412,0.0,9.8793
V129V ,0,0,0.0,0.0,-0.166,0.14,0.1667,0.199322,-0.133172,-0.128469,34.3392,1.0,0.0,14.0342
R109R ,0,0,0.0,0.0,-0.128,0.29,0.162382,0.173254,-0.0813447,0.0671102,43.8461,0.160856,0.0,18.1962
V205V ,0,0,0.0,0.0,-0.166,0.14,0.166711,0.162083,-0.100345,-0.0100515,35.9072,1.0,0.0,14.8235
T169T ,0,0,0.0,0.0,0.003,0.11,0.148859,0.191583,-0.00956313,-0.0493116,45.3157,1.0,0.0,18.4586
R249R ,0,0,0.0,0.0,-0.128,0.29,0.0447991,0.135315,-0.0346894,-0.0232769,23.5854,0.713615,0.0,9.902
A341A ,0,0,0.0,0.0,-0.13,0.05,0.077125,0.125563,-0.0346894,-0.0417112,5.24165,1.0,0.0,2.8708
A149A ,0,0,0.0,0.0,0.075,0.05,0.096083,0.144618,0.0201553,-0.0399437,30.9788,0.0593161,0.0,13.4348
F127F ,0,0,0.0,0.0,-0.169,0.29,0.167449,0.174244,-0.101845,-0.14874,30.7936,1.0,0.0,12.686
G316G ,0,0,0.0,0.0,-0.019,0.0,0.15116,0.166879,-0.0346894,0.00193561,4.66986,0.529946,0.0,2.9131
D388D ,0,0,0.0,0.0,-0.237,0.11,0.0934,0.126417,-0.135845,-0.109138,48.21,0.0,0.0,17.3423
I132I ,0,0,0.0,0.0,-0.208,0.19,0.1398,0.187326,-0.121345,-0.158046,34.7236,1.0,0.0,14.3247
G189A ,0,0,1.0,7.67,0.075,0.05,0.161322,0.185863,-0.0242298,-0.0474,43.9996,0.392966,0.9784,18.5826
A283A ,0,0,0.0,0.0,0.075,0.05,0.130583,0.166652,0.0201553,0.0790259,21.841,0.542924,0.0,10.3283
V172V ,0,0,0.0,0.0,-0.166,0.14,0.154616,0.193419,-0.12223,-0.056098,45.9743,1.0,0.0,18.8812
V215V ,0,0,0.0,0.0,0.147,0.14,0.121522,0.117209,0.0864369,0.0810958,45.8177,0.900866,0.0,17.9362
R243C ,0,-3,-3.7,12.58,0.04,0.13,0.183,0.172437,0.284437,0.191923,31.9901,1.0,0.9972,13.7127
F270F ,0,0,0.0,0.0,-0.169,0.29,0.153094,0.169346,-0.0346894,-0.146575,19.9984,1.0,0.0,9.2114
V307V ,0,0,0.0,0.0,-0.166,0.14,0.142441,0.148902,-0.12223,-0.124142,12.5601,1.0,0.0,6.0276
F166M ,0,0,-1.46,7.31,-0.14,0.22,0.17935,0.176679,-0.101845,0.0285412,41.062,1.0,0.8742,16.9277
F529F ,0,0,0.0,0.0,0.294,0.29,0.155519,0.168009,-0.0346894,0.00734562,23.1806,0.0,0.0,8.6453
I337I ,0,0,0.0,0.0,-0.208,0.19,0.114725,0.139843,-0.121345,-0.0769066,8.63587,1.0,0.0,4.0637
R181R ,0,0,0.0,0.0,-0.128,0.29,0.218556,0.170801,-0.104672,-0.038521,37.1123,0.0188145,0.0,16.2838
Q530Q ,0,0,0.0,0.0,-0.201,0.18,0.222224,0.168648,-0.0346894,-0.140848,21.355,0.0,0.0,8.3889
F339F ,0,0,0.0,0.0,-0.169,0.29,0.139167,0.164264,-0.101845,-0.10788,12.4882,1.0,0.0,5.9661
T224T ,0,0,0.0,0.0,0.009,0.11,0.105286,0.134918,-0.0346894,-0.0116699,35.3581,0.117332,0.0,14.6513
V185V ,0,0,0.0,0.0,0.147,0.14,0.0327247,0.180499,-0.0346894,-0.0243089,45.6059,0.00109082,0.0,19.4075
V110V ,0,0,0.0,0.0,0.147,0.14,0.162092,0.1793,0.0561553,0.0249391,42.7042,0.598431,0.0,17.556
M159M ,0,0,0.0,0.0,-0.14,0.22,0.154212,0.168421,-0.0873447,-0.0930131,38.6222,1.0,0.0,15.7288
W158W ,0,0,0.0,0.0,-0.214,0.41,0.24899,0.157668,-0.0346894,-0.0342586,44.3299,0.958537,0.0,18.101
I313I ,0,0,0.0,0.0,-0.208,0.19,0.1237,0.13933,-0.121345,-0.0446689,4.23613,1.0,0.0,3.9663
K515K ,0,0,0.0,0.0,-0.22,0.22,0.137832,0.16961,-0.0346894,0.00950061,39.3624,0.0,0.0,15.8
S225L ,-1,-1,2.4,10.22,0.094,0.19,0.12179,0.149878,-0.0268965,-0.0194099,36.2404,0.542892,0.9183,14.3881
G119G ,0,0,0.0,0.0,-0.019,0.0,0.151,0.152339,-0.0268447,0.0697587,32.5005,0.522672,0.0,13.598
V215G ,0,0,-3.0,6.43,-0.019,0.0,0.121522,0.117209,0.0864369,0.0810958,45.8177,0.900866,0.4812,17.9362
K326K ,0,0,0.0,0.0,-0.131,0.22,0.140799,0.144152,-0.0346894,-0.0824292,15.9078,0.718115,0.0,7.6323
Y278Y ,0,0,0.0,0.0,-0.012,0.3,0.246101,0.164505,-0.0346894,-0.0542964,25.0361,0.994781,0.0,11.5097
R555R ,0,0,0.0,0.0,-0.147,0.29,0.185229,0.189349,-0.0346894,-0.0526231,8.78592,0.0,0.0,9.9855
T153T ,0,0,0.0,0.0,0.009,0.11,0.0664303,0.156367,-0.0128447,0.0432079,35.4114,0.35975,0.0,14.8772
L191L ,0,0,0.0,0.0,0.094,0.19,0.146183,0.18753,0.0296553,-0.0779184,45.3302,0.942408,0.0,18.5432
P343P ,0,0,0.0,0.0,0.358,0.0,0.124155,0.149755,-0.0346894,-0.0990765,8.67911,1.0,0.0,4.2523
G108G ,0,0,0.0,0.0,-0.019,0.0,0.179204,0.197251,-0.0346894,0.0281138,41.2724,0.0775535,0.0,17.695
I145I ,0,0,0.0,0.0,0.125,0.19,0.150772,0.133601,-0.0346894,-0.10094,25.107,0.114284,0.0,10.9249
Q560Q ,0,0,0.0,0.0,-0.201,0.18,0.228899,0.206045,-0.0346894,-0.0326587,8.56819,0.0,0.0,11.3906
E160V ,-2,0,-0.78,10.39,-0.166,0.14,0.146805,0.168002,0.357104,0.0317246,38.8616,1.0,0.9947,15.8021
F279I ,0,0,-1.89,7.32,-0.208,0.19,0.212429,0.158511,-0.12423,-0.0209556,23.9535,1.0,0.8237,10.8299
A128T ,1,1,1.6,-1.71,0.003,0.11,0.184236,0.189606,-0.0823447,-0.155106,34.9124,1.0,0.0653,14.2354
G186C ,0,0,2.43,10.33,0.369,0.13,0.119769,0.184679,-0.0229224,-0.0152069,47.9732,0.172429,0.9544,20.2419
V164V ,0,0,0.0,0.0,-0.166,0.14,0.147887,0.171631,-0.100345,0.0231295,42.4592,1.0,0.0,17.2609
S566S ,0,0,0.0,0.0,-0.023,0.06,0.179,0.187722,-0.0346894,-0.0262298,15.3463,0.0,0.0,12.4359
V141V ,0,0,0.0,0.0,0.147,0.14,0.118363,0.149943,-0.0346894,0.00194498,24.8976,0.953714,0.0,10.7309
L142L ,0,0,0.0,0.0,0.094,0.19,0.187557,0.161335,-0.0346894,-0.00610726,27.4206,0.712614,0.0,11.8503
S199S ,0,0,0.0,0.0,0.05,0.06,0.135512,0.184578,0.0076553,0.0742247,36.784,1.0,0.0,15.0768
G245R ,0,3,6.13,10.58,-0.128,0.29,0.139332,0.165273,-0.0268447,0.108238,25.0258,0.98619,0.9981,10.772
F364F ,0,0,0.0,0.0,0.294,0.29,0.172648,0.197269,-0.0346894,-0.117939,15.7388,0.0,0.0,7.3394
R259R ,0,0,0.0,0.0,-0.128,0.29,0.2434,0.155675,-0.0813447,-0.0539379,19.4941,0.757643,0.0,8.8412
V206V ,0,0,0.0,0.0,-0.166,0.14,0.126886,0.162512,-0.0346894,-0.116141,40.8925,1.0,0.0,16.5634
Q260Q ,0,0,0.0,0.0,-0.039,0.18,0.188649,0.167829,-0.0346894,6.15586e-05,18.1873,0.824966,0.0,8.8345
K183R ,0,2,1.36,0.75,-0.128,0.29,0.255689,0.182351,-0.0828447,-0.100988,37.5253,0.041466,0.2202,16.5936
D286D ,0,0,0.0,0.0,-0.237,0.11,0.1074,0.120912,-0.0346894,0.0154621,22.0543,0.0,0.0,10.9336
F256F ,0,0,0.0,0.0,-0.034,0.29,0.241065,0.168067,-0.0343447,-0.0395419,20.3565,0.628746,0.0,8.7187
Q107Q ,0,0,0.0,0.0,-0.039,0.18,0.131239,0.192591,-0.0368447,0.00348924,45.2308,0.174256,0.0,19.1178
S143S ,0,0,0.0,0.0,-0.023,0.06,0.147394,0.144522,-0.0346894,-0.0149962,29.7343,0.499786,0.0,12.4375
W304W ,0,0,0.0,0.0,-0.214,0.41,0.157833,0.132912,-0.0346894,-0.138282,12.6793,0.922936,0.0,6.4034
E261E ,0,0,0.0,0.0,0.071,0.15,0.168683,0.16589,0.0181553,-0.00686081,13.5611,0.941243,0.0,6.8462
V355V ,0,0,0.0,0.0,0.147,0.14,0.166016,0.164921,-0.0346894,-0.0283364,14.5618,0.303133,0.0,5.2646
Y148Y ,0,0,0.0,0.0,-0.012,0.3,0.183362,0.155086,-0.0346894,0.0150031,29.5757,0.147684,0.0,12.5412
T118S ,0,0,-1.0,2.07,-0.023,0.06,0.0461667,0.156814,-0.0128447,-0.0449482,31.8212,0.280062,0.1011,13.5223
K354K ,0,0,0.0,0.0,-0.131,0.22,0.179008,0.154557,-0.0346894,-0.0543187,14.8483,0.200656,0.0,5.7964
R195W ,0,-2,1.95,11.5,-0.214,0.41,0.272429,0.176781,-0.104672,-0.11467,39.2348,0.895933,0.4218,16.7962
E146K ,-2,1,0.99,3.38,-0.22,0.22,0.133857,0.107044,-0.223563,-0.0852413,26.5559,0.0,0.1173,11.2381
A208A ,0,0,0.0,0.0,-0.13,0.05,0.1415,0.152824,-0.0346894,-0.0979496,39.6293,1.0,0.0,16.0457
V110I ,0,0,1.0,1.77,0.125,0.19,0.162092,0.1793,0.0561553,0.0249391,42.7042,0.598431,0.1467,17.556
R174L ,0,-3,-2.13,10.77,-0.187,0.19,0.230107,0.1938,0.348262,0.199518,38.9721,1.0,0.9862,16.2142
F193F ,0,0,0.0,0.0,-0.034,0.29,0.159476,0.181556,-0.0343447,-0.03817,39.2497,0.882629,0.0,16.3113
T155T ,0,0,0.0,0.0,0.009,0.11,0.16413,0.152564,-0.0346894,-0.0208318,37.574,0.893028,0.0,15.8487
Q147Q ,0,0,0.0,0.0,-0.201,0.18,0.1845,0.114579,-0.0346894,-0.145948,27.1306,0.0,0.0,11.7891
D537D ,0,0,0.0,0.0,-0.237,0.11,0.139211,0.174366,-0.0346894,-0.0401666,6.78194,0.0,0.0,5.2829
T264T ,0,0,0.0,0.0,0.003,0.11,0.142985,0.175392,-0.0158447,-0.0155578,16.9612,1.0,0.0,8.3851
G269G ,0,0,0.0,0.0,-0.085,0.0,0.202644,0.173832,-0.0346894,-0.158657,15.8767,1.0,0.0,7.6118
V538V ,0,0,0.0,0.0,0.066,0.14,0.136035,0.155367,-0.0346894,-0.0759188,4.55175,0.0,0.0,4.8462
T247T ,0,0,0.0,0.0,0.003,0.11,0.154522,0.177934,-0.0346894,0.0987227,20.5553,1.0,0.0,8.8109
I556I ,0,0,0.0,0.0,0.157,0.19,0.206597,0.194867,-0.0346894,-0.00853125,5.7338,0.0,0.0,9.2601
F157S ,1,1,-4.29,9.84,-0.023,0.06,0.2114,0.14922,-0.0343447,-0.0977379,42.131,0.882386,0.9076,17.174
D540D ,0,0,0.0,0.0,-0.237,0.11,0.1726,0.181526,-0.0346894,-0.139677,9.04922,0.0,0.0,6.9055
K358K ,0,0,0.0,0.0,-0.131,0.22,0.176646,0.171072,-0.0346894,-0.0502251,17.9282,0.0356244,0.0,7.1648
A300A ,0,0,0.0,0.0,0.075,0.05,0.110636,0.169544,0.0475777,0.0179373,19.7231,0.748306,0.0,9.4015
V129G ,0,0,-3.0,10.07,-0.085,0.0,0.1667,0.199322,-0.133172,-0.128469,34.3392,1.0,0.9054,14.0342
M159L ,0,0,-0.43,3.72,-0.187,0.19,0.154212,0.168421,-0.0873447,-0.0930131,38.6222,1.0,0.2944,15.7288
V164A ,0,0,-2.0,6.18,-0.13,0.05,0.147887,0.171631,-0.100345,0.0231295,42.4592,1.0,0.797,17.2609
V165A ,0,0,-2.0,6.81,-0.13,0.05,0.146392,0.156984,-0.12223,-0.144669,45.623,1.0,0.1643,18.4186
V172L ,0,0,1.0,2.05,-0.187,0.19,0.154616,0.193419,-0.12223,-0.056098,45.9743,1.0,0.1352,18.8812
R181C ,0,-3,-3.7,-1.17,0.369,0.13,0.218556,0.170801,-0.104672,-0.0385211,37.1123,0.0188145,0.7689,16.2838
W188S ,1,0,-6.48,10.8,-0.023,0.06,0.222833,0.176926,-0.124345,0.0212184,48.7989,0.499273,0.1813,20.2234
P197H ,2,2,1.94,12.09,0.191,0.23,0.117909,0.181602,0.259828,0.0230282,32.8843,1.0,0.996,13.4291
Q234R ,-1,2,2.18,8.46,0.444,0.29,0.17194,0.173468,0.277078,0.109438,31.9014,1.0,0.992,13.1547
Q234L ,-1,-1,0.05,11.82,-0.187,0.19,0.17194,0.173468,0.277078,0.109438,31.9014,1.0,0.9652,13.1547
D242E ,0,0,1.0,7.31,0.553,0.15,0.154977,0.163798,0.269655,0.141945,26.2043,1.0,0.9969,11.155
R243S ,1,-2,-4.53,9.75,0.05,0.06,0.183,0.172437,0.284437,0.191923,31.9901,1.0,0.9988,13.7127
I268S ,1,1,-2.4,10.7,0.05,0.06,0.228528,0.181174,-0.121345,-0.102055,17.741,1.0,0.9942,8.4137
F279C ,0,0,-3.46,10.0,0.04,0.13,0.212429,0.158511,-0.12423,-0.0209556,23.9535,1.0,0.7876,10.8299
V288M ,0,0,1.43,3.78,0.136,0.22,0.0867,0.118801,0.0156553,0.0538311,15.5388,0.0,0.1326,7.9455
G292D ,2,0,2.78,6.24,-0.237,0.11,0.132429,0.126335,0.0441553,-0.00909848,12.0233,0.0,0.3112,6.5848
V294M ,0,0,1.43,2.39,0.136,0.22,0.0887,0.125633,0.0156553,0.0439311,16.1778,0.0,0.0855,8.0147
G297S ,1,1,1.6,0.49,-0.023,0.06,0.158844,0.133633,-0.0268447,-0.017036,19.8261,0.0503757,0.0679,9.6954
G306E ,2,0,3.78,10.37,0.553,0.15,0.158917,0.146108,-0.0598447,-0.141724,12.4885,1.0,0.999,6.1764
V307L ,0,0,1.0,3.71,-0.187,0.19,0.142441,0.148902,-0.12223,-0.124142,12.5601,1.0,0.8948,6.0276
V324F ,0,0,2.89,3.36,-0.034,0.29,0.206091,0.161296,0.0561553,-0.0546081,22.59,0.820937,0.1583,10.3711
C331Y ,1,1,4.04,13.19,-0.038,0.3,0.134328,0.149789,0.0026553,-0.0896362,17.1734,1.0,0.9756,8.4028
T513S ,0,0,-1.0,0.9,-0.023,0.06,0.15175,0.211484,-0.0233447,0.0440776,35.4503,0.0,0.2121,17.8657
W248R ,0,2,-1.95,17.24,0.444,0.29,0.192758,0.143304,-0.0048447,-0.0557555,21.912,1.0,0.9998,9.4858
L251Q ,1,1,-0.05,8.98,0.381,0.18,0.169959,0.160238,-0.110845,0.00486003,16.5703,1.0,0.9988,7.2049
S253A ,-1,-1,-0.6,6.38,0.075,0.05,0.107444,0.192342,-0.0288447,0.0263343,17.8578,0.632149,0.7917,7.3774
F256M ,0,0,-1.46,8.44,0.038,0.22,0.241065,0.168067,-0.0343447,-0.0395419,20.3565,0.628746,0.9681,8.7187
E261K ,-2,1,0.99,7.41,-0.131,0.22,0.168683,0.16589,0.0181553,-0.00686081,13.5611,0.941243,0.9991,6.8462
T264E ,1,-1,1.18,9.25,0.553,0.15,0.142985,0.175392,-0.0158447,-0.0155578,16.9612,1.0,0.9977,8.3851
L273P ,0,0,-1.28,9.77,0.358,0.0,0.118587,0.165748,-0.110845,-0.125708,16.1878,1.0,0.9994,7.9811
L282V ,0,0,-1.0,5.83,0.147,0.14,0.214188,0.16034,0.0296553,-0.0369838,25.2234,0.736642,0.4624,11.6605
A283G ,0,0,-1.0,6.53,-0.019,0.0,0.130583,0.166652,0.0201553,0.0790259,21.841,0.542924,0.6696,10.3283
E284K ,-2,1,0.99,7.41,-0.131,0.22,0.103549,0.16259,0.0181553,0.0494063,18.357,0.298069,0.992,8.8032
A300S ,1,1,0.6,6.01,-0.023,0.06,0.110636,0.169544,0.0475777,0.0179373,19.7231,0.748306,0.5046,9.4015
A302E ,2,0,2.78,7.88,0.071,0.15,0.155057,0.146008,0.0201553,0.00825787,17.0019,0.874724,0.997,8.1437
V307E ,2,0,0.78,7.91,0.553,0.15,0.142441,0.148902,-0.12223,-0.124142,12.5601,1.0,0.9891,6.0276
V310S ,1,1,-1.4,7.45,0.05,0.06,0.154603,0.150173,-0.100345,-0.129333,10.3857,1.0,0.9504,4.6778
K318T ,1,0,-2.17,5.65,0.009,0.11,0.1745,0.126845,-0.0828447,-0.0441149,10.9197,0.371206,0.31,5.3539
A329V ,0,0,2.0,6.79,-0.166,0.14,0.119648,0.161342,-0.0823447,-0.0424504,14.4748,1.0,0.9786,7.0812
V334S ,1,1,-1.4,7.5,0.05,0.06,0.176832,0.15039,-0.100345,-0.0623157,13.3481,1.0,0.9714,6.1821
I337F ,0,0,1.89,7.77,-0.169,0.29,0.114725,0.139843,-0.121345,-0.0769066,8.63587,1.0,0.9662,4.0637
F339Y ,1,1,0.58,6.59,-0.038,0.3,0.139167,0.164264,-0.101845,-0.10788,12.4882,1.0,0.9533,5.9661
L347C ,0,0,-1.57,8.06,0.04,0.13,0.133847,0.126649,-0.110845,-0.0144847,10.3015,1.0,0.9987,4.3157
F351L ,0,0,-1.89,9.32,0.094,0.19,0.141237,0.145006,-0.0343447,-0.00498005,11.9227,0.950057,0.9998,4.9949
L353P ,0,0,-1.28,9.77,-0.103,0.0,0.124037,0.147568,0.0296553,-0.0463946,8.242,0.0749683,0.9999,3.5261
Q357E ,1,-1,-0.17,2.34,-0.318,0.15,0.207107,0.166677,-0.117845,-0.0594976,12.512,0.0,0.5663,5.4818
