A152A ,0.116621,0.158985,-0.0346894,0.03143,33.2864,0.630175
Q359Q ,0.212333,0.16979,-0.0346894,-0.0735631,10.8647,0
K183K ,0.248813,0.183873,-0.0828447,-0.0969543,37.3495,0.0636799
W379W ,0.189279,0.15963,-0.0346894,0.00716559,37.4344,0
T322T ,0.145416,0.166275,-0.0346894,0.0237645,19.0557,0.245174
V205M ,0.171435,0.16221,-0.100345,-0.0135897,35.3922,1
Q107H ,0.136735,0.183787,-0.0368447,0.0177913,45.1693,0.201511
K557K ,0.194035,0.193868,-0.0346894,0.0453007,10.6955,0
P117P ,0.107833,0.1955,-0.0688447,0.103052,32.1296,0.782453
L131L ,0.189661,0.176388,-0.110845,-0.155137,31.3322,1
F232F ,0.145521,0.176872,-0.0346894,-0.140193,29.2932,1
S209P ,0.150436,0.154515,0.0076553,-0.102999,39.6756,1
I132L ,0.140194,0.187326,-0.121345,-0.158044,34.6064,1
K318K ,0.1745,0.12663,-0.0828447,-0.0441149,11.1424,0.376861
A329A ,0.111678,0.165312,-0.0823447,-0.0399886,14.4002,1
T327T ,0.116505,0.162876,-0.0346894,0.013923,20.0202,1
T144T ,0.143564,0.148101,-0.0128447,0.00879386,25.7279,0.436754
R562R ,0.153401,0.171879,-0.0346894,-0.0490263,7.13405,0
K196K ,0.12225,0.192338,-0.0828447,0.0735259,34.3122,0.956931
K285K ,0.1914,0.154823,-0.0346894,-0.0191379,23.6898,0.152547
I263I ,0.14653,0.193101,-0.0346894,-0.0605539,18.7649,1
L236P ,0.187518,0.174539,-0.13623,-0.166032,29.8261,1
S330S ,0.11589,0.167529,-0.0346894,-0.0802757,15.1862,1
P117L ,0.107833,0.1955,-0.0688447,0.103052,32.1296,0.782453
V165M ,0.14956,0.167813,-0.12223,-0.153852,45.7583,1
L342L ,0.120379,0.124739,-0.0346894,-0.0619284,8.34119,1
Y125Y ,0.167212,0.199561,-0.0363447,-0.0530645,37.5145,1
K393K ,0.1135,0.148905,-0.0346894,-0.0288447,40.8781,0
L236R ,0.187518,0.174539,-0.13623,-0.166032,29.8261,1
P387P ,0.125175,0.148231,-0.0346894,-0.147865,46.2189,0
S177S ,0.172702,0.190177,-0.0346894,0.00163802,43.0987,0.611733
Y171Y ,0.150879,0.191983,-0.0363447,0.019824,41.258,1
G297G ,0.127102,0.133793,-0.0268447,-0.00408851,19.7383,0.0653233
I514I ,0.181167,0.18285,-0.0346894,-0.0447816,34.8553,0
T104I ,0.129,0.126582,-0.0195631,-0.0195631,48.2474,0
W323L ,0.272709,0.155328,-0.169172,-0.0608663,23.2625,0.644795
S140R ,0.192537,0.161765,-0.0288447,0.0565181,28.8726,0.984757
V212V ,0.100778,0.156313,-0.0346894,-0.0262962,39.5611,0.999999
C214C ,0.152792,0.14188,-0.0346894,0.00887092,46.3204,0.997373
V129A ,0.165032,0.204076,-0.133172,-0.130814,34.5091,1
F275F ,0.167766,0.193319,-0.0346894,-0.147216,23.4553,1
V207V ,0.167269,0.155949,-0.100345,-0.156825,42.1296,1
Y299Y ,0.120323,0.166381,-0.0346894,0.0324375,22.0965,0.972212
E284E ,0.0981538,0.1619,0.0181553,0.0431415,18.2497,0.335647
R360R ,0.175908,0.168815,-0.0346894,-0.135352,7.4998,0
D202D ,0.170169,0.171231,0.269655,-0.0503157,36.0721,1
A344V ,0.0947,0.126984,-0.0823447,-0.0662689,5.5654,1
L114P ,0.221361,0.200191,0.0296553,0.242959,38.6178,0.978139
C122Y ,0.128515,0.17442,0.167155,-0.0160098,35.3147,0.92318
T169R ,0.139011,0.203545,-0.00956313,-0.03634,45.8038,1
K196T ,0.12225,0.192338,-0.0828447,0.0735259,34.3122,0.956931
F523F ,0.254229,0.181227,-0.0346894,-0.0961394,27.6302,0
R195Q ,0.220942,0.186508,-0.104672,-0.117772,39.3752,0.962127
F113F ,0.193285,0.184211,-0.0346894,0.126718,38.824,0.894109
L187P ,0.1557,0.166162,0.0296553,-0.0256689,50.0641,0.750648
L236L ,0.187518,0.174539,-0.13623,-0.166032,29.8261,1
L233L ,0.140412,0.165792,-0.0346894,0.0207242,34.2064,1
G189G ,0.161347,0.185245,-0.0242298,-0.0479789,43.495,0.464707
V334V ,0.155254,0.148366,-0.100345,-0.0418433,13.4302,1
A150T ,0.0904442,0.128992,0.0475777,0.0511101,34.8494,0.0237073
R181H ,0.233862,0.179921,-0.104672,-0.0329891,37.1887,0.0497349
K362K ,0.172429,0.189828,-0.127345,-0.0865271,13.8409,0
A128A ,0.182744,0.189606,-0.0823447,-0.15574,35.1531,1
G189E ,0.161347,0.185245,-0.0242298,-0.0479789,43.495,0.464707
E295E ,0.199625,0.133801,-0.0346894,-0.0574612,12.2554,0.0557564
I274I ,0.17261,0.167966,-0.0346894,-0.12543,21.3321,1
N365A ,0.195464,0.153083,-0.0743447,0.0504497,22.2392,0
L273L ,0.120307,0.16654,-0.110845,-0.127669,15.9503,1
I542I ,0.142615,0.1733,-0.0346894,-0.0846207,7.43576,0
L175L ,0.236269,0.169877,-0.0346894,-0.0765135,43.8463,0.997652
Q234P ,0.163106,0.17231,0.277078,0.127767,31.9395,1
P197L ,0.119879,0.178784,0.259828,0.0221106,32.2492,1
E115E ,0.260307,0.179784,0.0181553,0.243624,34.8813,0.843825
L151L ,0.0695,0.122591,-0.0346894,0.0567184,35.0487,0.14159
E146E ,0.133892,0.105106,-0.223563,-0.0853083,26.7115,0
F139F ,0.143024,0.149784,-0.0346894,-0.0362808,32.4023,0.993364
S217S ,0.151735,0.150337,-0.0346894,-0.0786237,43.508,0.596686
L213L ,0.150517,0.154054,-0.0346894,0.0767961,42.2869,1
C331C ,0.134261,0.159757,0.0026553,-0.0902395,17.0852,1
I346I ,0.116726,0.127916,-0.0346894,-0.0198973,7.53166,0.987903
L134P ,0.171832,0.178947,-0.110845,-0.156082,27.0077,1
Q531Q ,0.176369,0.184786,-0.117845,-0.1445,15.4682,0
N365N ,0.195464,0.153083,-0.0743447,0.0504497,22.2392,0
S333S ,0.132011,0.142288,-0.0346894,-0.0875883,11.0214,1
T311T ,0.163446,0.143084,-0.0346894,-0.134262,7.88476,1
R380R ,0.197197,0.162856,-0.0346894,-0.0256944,33.2094,0
I227I ,0.211401,0.137791,0.0451553,-0.0298564,33.4152,0.646529
R195R ,0.220942,0.186508,-0.104672,-0.117772,39.3752,0.962127
M520M ,0.16925,0.183849,-0.0346894,-0.00317235,27.8332,0
L156L ,0.128439,0.151193,-0.0346894,0.166579,35.3174,0.957159
D564D ,0.17999,0.186708,-0.0346894,-0.0239873,9.40396,0
W120W ,0.09675,0.147002,-0.0346894,-0.0509223,37.5487,0.772829
R366R ,0.16425,0.176696,-0.0346894,-0.0984223,16.4866,0
F193L ,0.156525,0.181482,-0.0343447,-0.0355548,38.6939,0.887789
L203L ,0.18359,0.144818,-0.110845,-0.0239542,40.9808,1
F340L ,0.140923,0.139447,-0.101845,-0.11167,10.9694,1
G229D ,0.187912,0.161901,-0.0598447,-0.0696731,33.3659,1
T265T ,0.170375,0.170777,-0.0346894,-0.0610184,13.2187,1
A178A ,0.19541,0.181181,-0.0346894,-0.0139629,41.2413,0.559997
I200I ,0.0911991,0.175093,-0.0346894,0.0743474,36.31,1
V554V ,0.176514,0.193181,-0.0346894,-0.0580797,10.778,0
N112N ,0.2114,0.170645,-0.0346894,-0.0411379,37.107,0.18593
G272G ,0.148378,0.192058,-0.0346894,-0.126376,18.3,1
S225S ,0.112414,0.158507,-0.0268965,-0.00710888,34.9406,0.57359
I375I ,0.127299,0.159381,-0.0346894,0.0155479,31.5808,0
Y382Y ,0.19425,0.157665,-0.0346894,0.00682764,40.2292,0
R243R ,0.183,0.175742,0.284437,0.191923,32.1025,1
Q361Q ,0.15175,0.203962,-0.0346894,-0.152922,13.9833,0
K121K ,0.220251,0.157312,-0.0346894,0.0880856,39.6865,0.799088
A370A ,0.100448,0.173983,-0.0346894,0.0354091,22.3448,0
T312T ,0.177125,0.145378,-0.0346894,-0.159961,3.69748,1
A344A ,0.0947,0.126984,-0.0823447,-0.0662689,5.5654,1
G245G ,0.1787,0.167183,-0.0268447,0.0961311,25.0368,0.983131
L353L ,0.116962,0.138761,0.0296553,0.000676324,4.26065,0.169514
R174P ,0.215697,0.187242,0.348262,0.262416,38.4533,1
L559L ,0.180423,0.195677,-0.0346894,-0.0771462,3.98367,0
V135I ,0.177,0.163262,-0.12223,-0.119881,32.0317,1
S338S ,0.1517,0.140634,-0.0346894,-0.149569,8.86022,1
V254V ,0.14975,0.155162,-0.0346894,-0.0349741,12.5709,0.765139
C180C ,0.152919,0.166162,-0.0346894,-0.0475176,41.8743,0.0260015
R539R ,0.192333,0.172371,-0.0346894,-0.0728965,10.7288,0
G252G ,0.135286,0.191738,-0.0346894,-0.0229556,18.0744,0.934648
S253S ,0.102097,0.189951,-0.0288447,0.0300447,16.8206,0.577113
I230I ,0.1838,0.152796,-0.0346894,0.0678207,34.2534,0.999637
C381C ,0.127878,0.192366,-0.17823,-0.0704922,34.9114,0
S209S ,0.150436,0.154515,0.0076553,-0.102999,39.6756,1
T144A ,0.143564,0.148101,-0.0128447,0.00879386,25.7279,0.436754
G186S ,0.119769,0.176509,-0.0229224,-0.0152069,47.8459,0.281587
T153M ,0.0731106,0.1573,-0.0128447,0.0459082,35.529,0.438623
L114L ,0.221361,0.200191,0.0296553,0.242959,38.6178,0.978139
A194A ,0.20475,0.18909,-0.0823447,-0.0380582,40.6267,1
V294V ,0.107,0.126509,0.0156553,0.0265737,16.6044,0
D317D ,0.15088,0.139111,-0.0346894,-0.0621929,7.43453,0.307413
V541V ,0.158552,0.177563,-0.0346894,-0.00864153,3.47297,0
V135A ,0.177,0.163262,-0.12223,-0.119881,32.0317,1
V324V ,0.206091,0.162472,0.0561553,-0.0546081,22.6508,0.791928
W323A ,0.272709,0.155328,-0.169172,-0.0608663,23.2625,0.644795
C136F ,0.175708,0.177111,0.0026553,0.0135388,32.078,1
C122C ,0.128515,0.17442,0.167155,-0.0160098,35.3147,0.92318
G348G ,0.134749,0.125346,-0.0346894,-0.056307,5.72354,0.979167
M553M ,0.210434,0.170406,-0.0346894,-0.00911734,7.55867,0
L251L ,0.12425,0.162114,-0.110845,-0.0234223,15.9282,1
T391T ,0.166279,0.169448,-0.0346894,0.0283529,38.5489,0
V524V ,0.166223,0.193741,-0.0346894,-0.111274,22.2081,0
L239L ,0.188744,0.172976,-0.0346894,-0.157957,27.151,1
Q565Q ,0.156436,0.176417,-0.0346894,-0.0964741,11.2159,0
F340F ,0.140923,0.139447,-0.101845,-0.11167,10.9694,1
T104T ,0.129,0.126582,-0.0195631,-0.0195631,48.2474,0
Y267F ,0.200515,0.182508,-0.0363447,-0.125374,21.455,1
N386N ,0.0916391,0.156969,-0.0346894,-0.126798,45.0747,0
E170E ,0.209397,0.195549,-0.0346894,0.101857,40.5847,1
A525A ,0.175875,0.163347,-0.0346894,-0.0299612,24.2689,0
V162V ,0.172083,0.179601,-0.100345,-0.152322,42.9262,1
W176R ,0.189546,0.172947,-0.124345,-0.0858733,47.1384,0.725599
Q321Q ,0.0883561,0.165618,-0.0346894,0.041142,15.4242,0.0353801
A194P ,0.20475,0.18909,-0.0823447,-0.0380582,40.6267,1
L282L ,0.205239,0.156472,0.0296553,-0.025107,25.0772,0.788061
F127L ,0.189625,0.1745,-0.101845,-0.146961,30.3949,1
A150G ,0.0904442,0.128992,0.0475777,0.0511101,34.8494,0.0237073
R228R ,0.093,0.174287,-0.0346894,-0.00852105,30.3674,0.738966
L203P ,0.18359,0.144818,-0.110845,-0.0239542,40.9808,1
R181L ,0.233862,0.179921,-0.104672,-0.0329891,37.1887,0.0497349
L550L ,0.132468,0.169723,-0.0346894,-0.0158238,11.3261,0
R190P ,0.0658,0.191343,-0.0968965,-0.0207793,45.5335,0.676484
F166F ,0.19258,0.177201,-0.101845,0.0326631,41.1987,1
W305W ,0.0818208,0.140157,-0.0346894,0.0297951,12.4576,0.97266
R533R ,0.1954,0.181881,-0.0908447,-0.00153789,20.5863,0
S225W ,0.112414,0.158507,-0.0268965,-0.00710888,34.9406,0.57359
W323W ,0.272709,0.155328,-0.169172,-0.0608663,23.2625,0.644795
D388N ,0.0934,0.126417,-0.135845,-0.109138,47.7276,0
L347L ,0.135547,0.133671,-0.110845,-0.0247758,9.57172,1
V106V ,0.1905,0.167888,0.0561553,0.0089837,47.3153,0.154907
G548G ,0.166384,0.193946,-0.0346894,-0.0229426,6.5723,0
V288V ,0.0867,0.119473,0.0156553,0.0538311,15.5705,0
L374L ,0.148726,0.167391,-0.0346894,0.0457691,27.1587,0
C136C ,0.175708,0.177111,0.0026553,0.0135388,32.078,1
D242D ,0.153709,0.160076,0.269655,0.15046,26.1942,1
R174H ,0.215697,0.187242,0.348262,0.262416,38.4533,1
D202G ,0.170169,0.171231,0.269655,-0.0503157,36.0721,1
A150A ,0.0904442,0.128992,0.0475777,0.0511101,34.8494,0.0237073
A383A ,0.163987,0.164652,-0.0346894,-0.0552265,39.7125,0
K528K ,0.156167,0.163052,-0.0346894,-0.0849482,18.5174,0
R293R ,0.0995,0.11676,-0.0346894,0.0690518,12.102,0
F130F ,0.188467,0.184982,-0.0346894,-0.162201,27.9824,1
T169M ,0.139011,0.203545,-0.00956313,-0.03634,45.8038,1
F279F ,0.221587,0.167785,-0.12423,-0.0557616,23.3279,1
R259H ,0.236839,0.164597,-0.0813447,-0.0319521,18.6817,0.710133
L266L ,0.158915,0.161791,-0.0346894,-0.0900291,15.3214,1
K526K ,0.194235,0.17995,-0.0346894,0.0523433,25.5457,0
Q547Q ,0.0991096,0.165336,-0.0346894,-0.0625899,10.9376,0
W188W ,0.230804,0.180342,-0.124345,0.00355022,48.2303,0.480843
P535P ,0.208805,0.202114,-0.0346894,-0.155541,11.2026,0
A532A ,0.214274,0.172952,-0.0346894,-0.103973,17.7197,0
I368I ,0.0944918,0.159833,-0.0346894,-0.0565602,25.4601,0
V280V ,0.11771,0.153033,0.0561553,0.00565061,17.7965,0.938078
K218E ,0.11175,0.149071,-0.0828447,-0.0519224,48.6679,0.259169
S199A ,0.126699,0.186862,0.0076553,0.0715512,36.4976,1
R190L ,0.0658,0.191343,-0.0968965,-0.0207793,45.5335,0.676484
T104S ,0.129,0.126582,-0.0195631,-0.0195631,48.2474,0
I198V ,0.138091,0.184652,-0.121345,0.195117,32.4453,1
R109L ,0.145393,0.184228,-0.0813447,0.0562314,43.9973,0.0665233
Q521Q ,0.167822,0.185604,-0.0346894,0.0621956,26.8377,0
A378A ,0.168375,0.18543,-0.0346894,-0.0544612,32.5267,0
E160K ,0.184719,0.168755,0.357104,0.0569256,38.2559,1
R231M ,0.186431,0.155128,-0.104672,-0.00921307,29.6407,0.857899
V241V ,0.164578,0.187536,-0.100345,0.149508,27.7236,1
Y111Y ,0.186558,0.201719,-0.0233447,-0.0330064,37.8775,0.433001
Q376Q ,0.126476,0.144411,-0.0346894,0.0222011,30.7624,0
I161I ,0.183928,0.171615,-0.0346894,0.00454434,44.1275,1
F332F ,0.0938495,0.147531,-0.0346894,-0.0673951,13.9933,1
M210I ,0.1342,0.144052,-0.0873447,-0.101407,44.7985,1
N551N ,0.1374,0.18745,-0.0346894,0.0912621,9.36666,0
A300T ,0.110636,0.171657,0.0475777,0.0179373,19.9774,0.750846
V165V ,0.14956,0.167813,-0.12223,-0.153852,45.7583,1
L271L ,0.194552,0.189434,-0.0346894,-0.12356,21.7588,1
T309T ,0.153462,0.142246,-0.0346894,-0.130707,9.02715,1
N289N ,0.106333,0.129559,-0.0346894,-0.0271877,10.9015,0
I201I ,0.162409,0.163414,-0.0346894,-0.0323626,32.9734,1
M210M ,0.1342,0.144052,-0.0873447,-0.101407,44.7985,1
L303L ,0.107906,0.151192,-0.0346894,0.0111859,18.6793,1
W176W ,0.189546,0.172947,-0.124345,-0.0858733,47.1384,0.725599
V135V ,0.177,0.163262,-0.12223,-0.119881,32.0317,1
Y184Y ,0.187334,0.185971,-0.0346894,-0.0728256,39.514,0.351737
V310V ,0.154529,0.152924,-0.100345,-0.134688,10.3971,1
A287A ,0.128796,0.130138,0.0424369,0.0233747,17.803,0
V207M ,0.167269,0.155949,-0.100345,-0.156825,42.1296,1
L163L ,0.182991,0.165521,-0.0346894,0.0958145,38.1744,1
F335F ,0.139175,0.13891,-0.0346894,-0.0591063,15.6836,1
V133V ,0.186995,0.182049,-0.100345,-0.0777278,31.3505,1
A223A ,0.0845,0.140292,-0.0346894,-0.00328157,36.3685,0.0619
R231R ,0.186431,0.155128,-0.104672,-0.00921307,29.6407,0.857899
E558E ,0.232816,0.200029,-0.0346894,-0.041783,9.62436,0
Y315Y ,0.102963,0.132886,-0.0346894,-0.0656497,5.99392,0.892918
A287V ,0.128796,0.130138,0.0424369,0.0233747,17.803,0
G179G ,0.153924,0.17078,-0.0242298,0.00220779,43.6727,0.16741
R533W ,0.1954,0.181881,-0.0908447,-0.00153789,20.5863,0
S389S ,0.139028,0.173766,-0.0346894,-0.0378123,43.558,0
C381Y ,0.127878,0.192366,-0.17823,-0.0704922,34.9114,0
A372A ,0.106855,0.137094,-0.0346894,-0.000508679,28.0534,0
I227L ,0.211401,0.137791,0.0451553,-0.0298564,33.4152,0.646529
V215M ,0.1195,0.108817,0.0864369,0.0738856,44.7131,0.871657
I567I ,0.136375,0.178594,-0.0346894,0.00694478,5.14974,0
S373S ,0.106875,0.162199,-0.0346894,0.027473,26.1793,0
S182S ,0.235088,0.169066,-0.0346894,-0.0798277,40.9111,0
L191P ,0.123281,0.183598,0.0296553,-0.0253017,45.6152,0.974113
E290K ,0.12675,0.111691,-0.176345,-0.122422,9.55856,0
F351F ,0.147201,0.131991,-0.0343447,0.000187346,10.2981,0.879571
A149V ,0.0946448,0.144618,0.0201553,-0.037346,30.9433,0.0752817
Y171H ,0.150879,0.191983,-0.0363447,0.019824,41.258,1
L250L ,0.14234,0.160412,-0.0346894,0.00577564,16.4355,0.761398
R519H ,0.232266,0.170624,-0.0908447,0.0418219,32.8779,0
G154G ,0.122636,0.145084,-0.0346894,0.026688,38.9091,0.522321
I517I ,0.179741,0.18885,-0.0346894,0.0241332,29.7543,0
K218K ,0.11175,0.149071,-0.0828447,-0.0519224,48.6679,0.259169
Y111C ,0.186558,0.201719,-0.0233447,-0.0330064,37.8775,0.433001
T118T ,0.0461667,0.165433,-0.0128447,-0.0449482,32.5793,0.267116
A371A ,0.140143,0.164989,-0.0346894,0.0914986,26.105,0
R116R ,0.200871,0.192905,-0.0346894,-0.012191,33.5946,0.186305
V172M ,0.153957,0.201505,-0.12223,-0.0588927,46.364,1
F296F ,0.133915,0.127513,-0.0346894,-0.00110473,15.5208,0.384191
Y545Y ,0.109024,0.13658,-0.0346894,-0.0451403,3.74322,0
R174R ,0.215697,0.187242,0.348262,0.262416,38.4533,1
F123F ,0.195957,0.159897,-0.0346894,-0.0770738,30.8218,1
K362A ,0.172429,0.189828,-0.127345,-0.0865271,13.8409,0
P369P ,0.110805,0.153167,-0.0346894,0.0716097,23.0231,0
Y281Y ,0.147045,0.146629,-0.0346894,0.0101891,22.0539,0.578088
Y536Y ,0.169448,0.170989,-0.0346894,-0.121997,9.82481,0
A300E ,0.110636,0.171657,0.0475777,0.0179373,19.9774,0.750846
S277S ,0.129402,0.154739,-0.0346894,-0.0354812,18.4973,1
G168G ,0.172338,0.174839,-0.0346894,-0.0289365,43.4137,1
P197S ,0.119879,0.178784,0.259828,0.0221106,32.2492,1
V162M ,0.172083,0.179601,-0.100345,-0.152322,42.9262,1
Q357Q ,0.162722,0.178778,-0.117845,-0.116346,8.37213,0
W392W ,0.09675,0.147481,-0.0346894,0.00282765,40.0654,0
E385E ,0.139581,0.172714,-0.0346894,0.0157186,41.7363,0
V221V ,0.1735,0.179496,-0.0346894,-0.0368447,53.202,0.0423542
G219G ,0.19675,0.139727,-0.0346894,-0.0839223,48.8488,0.237443
S390S ,0.13925,0.17153,-0.0346894,-0.0724223,42.1001,0
S276S ,0.18572,0.155189,-0.0346894,-0.0659889,18.4542,1
Q367Q ,0.210184,0.166614,-0.0346894,0.0644489,21.5879,0
G246G ,0.125845,0.177468,-0.0346894,-0.0202247,22.3719,0.887774
E290E ,0.12675,0.111691,-0.176345,-0.122422,9.55856,0
F157F ,0.255077,0.151316,-0.0343447,-0.13062,42.8833,0.927388
F222F ,0.167,0.162333,-0.0346894,-0.0346894,58.781,0
V280E ,0.11771,0.153033,0.0561553,0.00565061,17.7965,0.938078
V516V ,0.182743,0.187604,-0.0346894,0.0122115,33.3417,0
I204I ,0.155845,0.137978,-0.121345,-0.164595,37.0487,1
Q244Q ,0.0534655,0.205786,-0.0346894,-0.024023,28.4251,0.744463
I328I ,0.0975361,0.164572,-0.0346894,0.0114992,19.0012,1
R231C ,0.186431,0.155128,-0.104672,-0.00921307,29.6407,0.857899
L131P ,0.189661,0.176388,-0.110845,-0.155137,31.3322,1
R195P ,0.220942,0.186508,-0.104672,-0.117772,39.3752,0.962127
V255V ,0.152658,0.182843,-0.0346894,-0.0969845,15.5951,0.99887
R192H ,0.200154,0.181791,-0.0968965,-0.0836232,41.1065,0.408155
I198I ,0.138091,0.184652,-0.121345,0.195117,32.4453,1
K534K ,0.130373,0.200493,-0.0346894,-0.14178,14.8827,0
Y522Y ,0.153857,0.191914,-0.0346894,0.0486158,29.2674,0
G306G ,0.151951,0.146344,-0.0598447,-0.128224,12.7061,1
V173V ,0.195015,0.205568,-0.0346894,-0.0431426,44.7678,1
L187L ,0.1557,0.166162,0.0296553,-0.0256689,50.0641,0.750648
Q531E ,0.176369,0.184786,-0.117845,-0.1445,15.4682,0
I257I ,0.204059,0.175351,-0.0346894,-0.00113714,14.1746,0.37267
E160E ,0.184719,0.168755,0.357104,0.0569256,38.2559,1
L134L ,0.171832,0.178947,-0.110845,-0.156082,27.0077,1
Q356Q ,0.195583,0.151075,-0.0346894,-0.0401099,6.34708,9.94802E-05
G186D ,0.119769,0.176509,-0.0229224,-0.0152069,47.8459,0.281587
G119R ,0.151,0.151133,-0.0268447,0.0697587,33.2552,0.469444
K527K ,0.1774,0.182936,-0.0346894,-0.118138,19.2981,0
E115G ,0.260307,0.179784,0.0181553,0.243624,34.8813,0.843825
T377T ,0.161298,0.179277,-0.0346894,-0.0252121,29.1555,0
S291S ,0.0995,0.1355,-0.0346894,-0.0897816,8.07248,0
V241I ,0.164578,0.187536,-0.100345,0.149508,27.7236,1
A352A ,0.114717,0.146451,-0.0346894,0.0422688,6.09796,0.52842
Q234Q ,0.163106,0.17231,0.277078,0.127767,31.9395,1
V129I ,0.165032,0.204076,-0.133172,-0.130814,34.5091,1
I235I ,0.206849,0.186625,-0.0346894,-0.0740495,26.6912,1
V124V ,0.194037,0.168083,-0.100345,-0.120392,35.9035,1
C381W ,0.127878,0.192366,-0.17823,-0.0704922,34.9114,0
E146G ,0.133892,0.105106,-0.223563,-0.0853083,26.7115,0
D301D ,0.0966923,0.145727,-0.0346894,0.00448543,16.8563,0.481311
E543E ,0.140654,0.184974,-0.0346894,-0.062321,10.4031,0
Y125D ,0.167212,0.199561,-0.0363447,-0.0530645,37.5145,1
G186G ,0.119769,0.176509,-0.0229224,-0.0152069,47.8459,0.281587
A226A ,0.101889,0.136912,-0.0346894,0.0388123,37.1501,0.623209
G292G ,0.132429,0.127024,0.0441553,-0.00909848,11.9664,0
R561R ,0.1585,0.181786,-0.0346894,-0.176345,11.7845,0
G179S ,0.153924,0.17078,-0.0242298,0.00220779,43.6727,0.16741
W248W ,0.152215,0.139618,-0.0048447,-0.0650061,21.9571,1
Q544Q ,0.197771,0.169431,-0.0346894,0.03794,6.98243,0
T513T ,0.15175,0.212581,-0.0233447,0.0440776,34.5641,0
I138I ,0.174478,0.166517,-0.0346894,-0.0640336,27.5375,1
V308V ,0.146834,0.151612,-0.0346894,-0.107161,8.36849,1
L563L ,0.187838,0.182408,-0.0346894,-0.05188,4.20068,0
L262L ,0.135091,0.161754,-0.0346894,0.0530228,13.3109,1
R192C ,0.200154,0.181791,-0.0968965,-0.0836232,41.1065,0.408155
A336A ,0.158131,0.148393,-0.0346894,-0.121153,12.9574,1
P197P ,0.119879,0.178784,0.259828,0.0221106,32.2492,1
Y267Y ,0.200515,0.182508,-0.0363447,-0.125374,21.455,1
V211V ,0.147413,0.12525,-0.0346894,0.0240839,43.2153,1
L552L ,0.140305,0.182901,-0.0346894,0.0407851,3.73629,0
Q220Q ,0.102333,0.158118,-0.0346894,0.0311035,52.8735,0.0697737
S349S ,0.093,0.122662,-0.0346894,0.0339234,3.47655,0.801864
R192R ,0.200154,0.181791,-0.0968965,-0.0836232,41.1065,0.408155
A150V ,0.0904442,0.128992,0.0475777,0.0511101,34.8494,0.0237073
V133I ,0.186995,0.182049,-0.100345,-0.0777278,31.3505,1
A302A ,0.156241,0.147919,0.0201553,0.00166985,17.4286,0.87794
I268I ,0.245048,0.172304,-0.121345,-0.0868097,17.8093,1
S140S ,0.192537,0.161765,-0.0288447,0.0565181,28.8726,0.984757
R231F ,0.186431,0.155128,-0.104672,-0.00921307,29.6407,0.857899
I204F ,0.155845,0.137978,-0.121345,-0.164595,37.0487,1
G325G ,0.115699,0.173862,-0.0346894,0.00904973,18.1859,0.862944
G350G ,0.149727,0.14248,-0.0346894,0.0190282,6.92228,0.592431
P320P ,0.124193,0.15597,-0.0346894,-0.00352374,13.4588,0.638175
V124I ,0.194037,0.168083,-0.100345,-0.120392,35.9035,1
G345G ,0.0856627,0.114552,-0.0346894,-0.0252137,3.80132,1
A384A ,0.183569,0.169181,-0.0346894,-0.117126,38.8528,0
A287E ,0.128796,0.130138,0.0424369,0.0233747,17.803,0
M238M ,0.162377,0.177292,-0.0346894,-0.14649,26.4802,1
V106I ,0.1905,0.167888,0.0561553,0.0089837,47.3153,0.154907
R518R ,0.155362,0.181514,-0.0346894,-0.0985344,33.6317,0
G179A ,0.153924,0.17078,-0.0242298,0.00220779,43.6727,0.16741
L137L ,0.145701,0.181715,-0.0346894,-0.0632816,26.5976,1
S546S ,0.163683,0.171135,-0.0346894,-0.0412898,8.7374,0
W323F ,0.272709,0.155328,-0.169172,-0.0608663,23.2625,0.644795
G314G ,0.184859,0.146568,-0.0346894,-0.118929,3.68602,0.988757
R519R ,0.232266,0.170624,-0.0908447,0.0418219,32.8779,0
R190R ,0.0658,0.191343,-0.0968965,-0.0207793,45.5335,0.676484
G216G ,0.119571,0.122668,-0.0346894,0.0864729,41.9637,0.605922
F167F ,0.188911,0.177141,-0.0346894,-0.0123013,38.2021,1
R174C ,0.215697,0.187242,0.348262,0.262416,38.4533,1
R237R ,0.161334,0.160777,-0.0346894,0.086394,33.0111,1
V319V ,0.116202,0.132904,-0.0346894,-0.0442707,9.30301,0.487421
G229G ,0.187912,0.161901,-0.0598447,-0.0696731,33.3659,1
S298S ,0.0967423,0.162458,-0.0346894,0.0220632,21.0799,0.349804
V129V ,0.165032,0.204076,-0.133172,-0.130814,34.5091,1
R109R ,0.145393,0.184228,-0.0813447,0.0562314,43.9973,0.0665233
V205V ,0.171435,0.16221,-0.100345,-0.0135897,35.3922,1
T169T ,0.139011,0.203545,-0.00956313,-0.03634,45.8038,1
R249R ,0.04175,0.138424,-0.0346894,-0.0229224,23.2546,0.689057
A341A ,0.0963482,0.11966,-0.0346894,-0.070031,5.26872,1
A149A ,0.0946448,0.144618,0.0201553,-0.037346,30.9433,0.0752817
F127F ,0.189625,0.1745,-0.101845,-0.146961,30.3949,1
G316G ,0.144395,0.171356,-0.0346894,0.00256892,4.77759,0.50718
D388D ,0.0934,0.126417,-0.135845,-0.109138,47.7276,0
I132I ,0.140194,0.187326,-0.121345,-0.158044,34.6064,1
G189A ,0.161347,0.185245,-0.0242298,-0.0479789,43.495,0.464707
A283A ,0.130583,0.170692,0.0201553,0.0790259,21.5234,0.606476
V172V ,0.153957,0.201505,-0.12223,-0.0588927,46.364,1
V215V ,0.1195,0.108817,0.0864369,0.0738856,44.7131,0.871657
R243C ,0.183,0.175742,0.284437,0.191923,32.1025,1
F270F ,0.154424,0.16981,-0.0346894,-0.148032,20.0062,1
V307V ,0.140538,0.14949,-0.12223,-0.120745,12.7198,1
F166M ,0.19258,0.177201,-0.101845,0.0326631,41.1987,1
F529F ,0.160058,0.167747,-0.0346894,-0.0312867,22.8504,0
I337I ,0.10861,0.13527,-0.121345,-0.0803108,7.99288,1
R181R ,0.233862,0.179921,-0.104672,-0.0329891,37.1887,0.0497349
Q530Q ,0.205903,0.193361,-0.0346894,-0.0791787,20.4436,0
F339F ,0.138514,0.163892,-0.101845,-0.107568,13.0283,1
T224T ,0.1145,0.156608,-0.0346894,-0.0261149,32.1908,0.173445
V185V ,0.0252222,0.186066,-0.0346894,-0.0211877,45.5482,0.0129085
V110V ,0.16137,0.181065,0.0561553,0.0217693,42.9678,0.600761
M159M ,0.156515,0.17315,-0.0873447,0.109841,37.9844,1
W158W ,0.235693,0.157073,-0.0346894,-0.0734219,44.8942,0.981938
I313I ,0.123735,0.135241,-0.121345,-0.0447553,4.39815,1
K515K ,0.135667,0.1687,-0.0346894,0.0677702,38.7279,0
S225L ,0.112414,0.158507,-0.0268965,-0.00710888,34.9406,0.57359
G119G ,0.151,0.151133,-0.0268447,0.0697587,33.2552,0.469444
V215G ,0.1195,0.108817,0.0864369,0.0738856,44.7131,0.871657
K326K ,0.141962,0.145025,-0.0346894,-0.0858802,15.59,0.684186
Y278Y ,0.255205,0.1637,-0.0346894,-0.0599942,24.7878,0.999329
R555R ,0.186429,0.18078,-0.0346894,-0.0290845,7.75638,0
T153T ,0.0731106,0.1573,-0.0128447,0.0459082,35.529,0.438623
L191L ,0.123281,0.183599,0.0296553,-0.0253017,45.6152,0.974113
P343P ,0.121687,0.142176,-0.0346894,-0.0940799,8.97678,1
G108G ,0.204087,0.195292,-0.0346894,0.0119601,41.2429,0.0731119
I145I ,0.152993,0.158926,-0.0346894,-0.105762,25.1169,0.133562
Q560Q ,0.182588,0.194313,-0.0346894,0.0495556,7.44395,0
E160V ,0.184719,0.168755,0.357104,0.0569256,38.2559,1
F279I ,0.221587,0.167785,-0.12423,-0.0557616,23.3279,1
A128T ,0.182744,0.189606,-0.0823447,-0.15574,35.1531,1
G186C ,0.119769,0.176509,-0.0229224,-0.0152069,47.8459,0.281587
V164V ,0.147142,0.175038,-0.100345,-0.114122,42.1941,1
S566S ,0.20675,0.195799,-0.0346894,-0.0564223,7.77297,0
V141V ,0.119267,0.149948,-0.0346894,-3.92976E-05,24.7149,0.963634
L142L ,0.180229,0.161857,-0.0346894,-0.00262247,27.7217,0.735072
S199S ,0.126699,0.186862,0.0076553,0.0715512,36.4976,1
G245R ,0.1787,0.167183,-0.0268447,0.0961311,25.0368,0.983131
F364F ,0.15178,0.170437,-0.0346894,-0.115925,23.7614,0
R259R ,0.236839,0.164597,-0.0813447,-0.0319521,18.6817,0.710133
V206V ,0.122297,0.161866,-0.0346894,-0.110458,40.5236,1
Q260Q ,0.2094,0.18122,-0.0346894,-0.0297379,16.8518,0.728585
K183R ,0.248813,0.183873,-0.0828447,-0.0969543,37.3495,0.0636799
D286D ,0.1074,0.12794,-0.0346894,0.0154621,22.1157,0
F256F ,0.2454,0.168338,-0.0343447,-0.0399379,19.5291,0.602539
Q107Q ,0.136735,0.183787,-0.0368447,0.0177913,45.1693,0.201511
S143S ,0.104576,0.142372,-0.0346894,0.0189342,29.7063,0.515813
W304W ,0.157833,0.147658,-0.0346894,-0.138282,12.6737,0.909023
E261E ,0.186307,0.15729,0.0181553,-0.0179094,13.3002,0.914634
V355V ,0.157661,0.174435,-0.0346894,0.00671357,10.7576,0.239484
Y148Y ,0.18175,0.142299,-0.0346894,-0.00417235,28.6675,0.183825
T118S ,0.0461667,0.165433,-0.0128447,-0.0449482,32.5793,0.267116
K354K ,0.144077,0.152687,-0.0346894,0.0413625,10.4376,0.186316
R195W ,0.220942,0.186508,-0.104672,-0.117772,39.3752,0.962127
E146K ,0.133892,0.105106,-0.223563,-0.0853083,26.7115,0
A208A ,0.141587,0.151115,-0.0346894,-0.0939794,39.012,1
V110I ,0.16137,0.181065,0.0561553,0.0217693,42.9678,0.600761
R174L ,0.215697,0.187242,0.348262,0.262416,38.4533,1
F193F ,0.156525,0.181482,-0.0343447,-0.0355548,38.6939,0.887789
T155T ,0.144761,0.145569,-0.0346894,0.0058507,37.9222,0.878971
Q147Q ,0.1845,0.162439,-0.0346894,-0.145948,27.6439,0
D537D ,0.169403,0.179911,-0.0346894,-0.0573518,6.41966,0
T264T ,0.147809,0.176302,-0.0158447,-0.0113693,16.9327,1
G269G ,0.201842,0.173652,-0.0346894,-0.158055,15.6855,1
V538V ,0.161167,0.177253,-0.0346894,-0.0539482,4.49319,0
T247T ,0.155975,0.17729,-0.0346894,0.0987832,20.4137,1
I556I ,0.215444,0.197867,-0.0346894,-0.0281298,4.60647,0
F157S ,0.255077,0.151316,-0.0343447,-0.13062,42.8833,0.927388
D540D ,0.154203,0.192798,-0.0346894,-0.116449,8.34729,0
K358K ,0.1535,0.181775,-0.0346894,0.0561553,13.8151,0.00687039
A300A ,0.110636,0.171657,0.0475777,0.0179373,19.9774,0.750846
V129G ,0.165032,0.204076,-0.133172,-0.130814,34.5091,1
M159L ,0.156515,0.17315,-0.0873447,0.109841,37.9844,1
V164A ,0.147142,0.175038,-0.100345,-0.114122,42.1941,1
V165A ,0.14956,0.167813,-0.12223,-0.153852,45.7583,1
V172L ,0.153957,0.201505,-0.12223,-0.0588927,46.364,1
R181C ,0.233862,0.179921,-0.104672,-0.0329891,37.1887,0.0497349
W188S ,0.230804,0.180342,-0.124345,0.00355022,48.2303,0.480843
P197H ,0.119879,0.178784,0.259828,0.0221106,32.2492,1
Q234R ,0.163106,0.17231,0.277078,0.127767,31.9395,1
Q234L ,0.163106,0.17231,0.277078,0.127767,31.9395,1
D242E ,0.153709,0.160076,0.269655,0.15046,26.1942,1
R243S ,0.183,0.175742,0.284437,0.191923,32.1025,1
I268S ,0.245048,0.172304,-0.121345,-0.0868097,17.8093,1
F279C ,0.221587,0.167785,-0.12423,-0.0557616,23.3279,1
V288M ,0.0867,0.119473,0.0156553,0.0538311,15.5705,0
G292D ,0.132429,0.127024,0.0441553,-0.00909848,11.9664,0
V294M ,0.107,0.126509,0.0156553,0.0265737,16.6044,0
G297S ,0.127102,0.133793,-0.0268447,-0.00408851,19.7383,0.0653233
G306E ,0.151951,0.146344,-0.0598447,-0.128224,12.7061,1
V307L ,0.140538,0.14949,-0.12223,-0.120745,12.7198,1
V324F ,0.206091,0.162472,0.0561553,-0.0546081,22.6508,0.791928
C331Y ,0.134261,0.159757,0.0026553,-0.0902395,17.0852,1
T513S ,0.15175,0.212581,-0.0233447,0.0440776,34.5641,0
W248R ,0.152215,0.139618,-0.0048447,-0.0650061,21.9571,1
L251Q ,0.12425,0.162114,-0.110845,-0.0234223,15.9282,1
S253A ,0.102097,0.189951,-0.0288447,0.0300447,16.8206,0.577113
F256M ,0.2454,0.168338,-0.0343447,-0.0399379,19.5291,0.602539
E261K ,0.186307,0.15729,0.0181553,-0.0179094,13.3002,0.914634
T264E ,0.147809,0.176302,-0.0158447,-0.0113694,16.9327,1
L273P ,0.120307,0.16654,-0.110845,-0.127669,15.9503,1
L282V ,0.205239,0.156472,0.0296553,-0.025107,25.0772,0.788061
A283G ,0.130583,0.170692,0.0201553,0.0790259,21.5234,0.606476
E284K ,0.0981538,0.1619,0.0181553,0.0431415,18.2497,0.335647
A300S ,0.110636,0.171657,0.0475777,0.0179373,19.9774,0.750846
A302E ,0.156241,0.147919,0.0201553,0.00166985,17.4286,0.87794
V307E ,0.140538,0.14949,-0.12223,-0.120745,12.7198,1
V310S ,0.154529,0.152924,-0.100345,-0.134688,10.3971,1
K318T ,0.1745,0.12663,-0.0828447,-0.0441149,11.1424,0.376861
A329V ,0.111678,0.165312,-0.0823447,-0.0399886,14.4002,1
V334S ,0.155254,0.148366,-0.100345,-0.0418433,13.4302,1
I337F ,0.10861,0.13527,-0.121345,-0.0803108,7.99288,1
F339Y ,0.138514,0.163892,-0.101845,-0.107568,13.0283,1
L347C ,0.135547,0.133671,-0.110845,-0.0247758,9.57172,1
F351L ,0.147201,0.131991,-0.0343447,0.000187346,10.2981,0.879571
L353P ,0.116962,0.138761,0.0296553,0.000676324,4.26065,0.169514
Q357E ,0.162722,0.178778,-0.117845,-0.116346,8.37213,0
